Cependant, O
les O
patients O
intervenus O
avaient O
des O
scores O
significativement O
meilleurs O
aux O
mois O
3 O
et O
6 O
(score O
d' O
intervention O
médian O
à O
3 O
mois, O
7 O
[ O
fourchette, O
5-7 O
], O
par O
rapport O
au O
score O
de O
contrôle O
médian, O
5 O
[ O
fourchette, O
3-7 O
] O
[ O
P O
= O
0,03 O
] O
"; O
" O
score O
d' O
intervention O
médian O
à O
6 O
mois, O
7 O
[ O
fourchette, O
6-7 O
], O
par O
rapport O
au O
score O
de O
contrôle O
médian, O
6 O
[ O
fourchette, O
3-7 O
] O
[ O
P O
= O
0,009 O
]). O

La O
démographie O
et O
l' O
état O
de O
la O
maladie O
étaient O
similaires O
entre O
les O
groupes. O

L' B-Premise
incidence I-Premise
de I-Premise
la I-Premise
toxicité I-Premise
était I-Premise
similaire I-Premise
dans I-Premise
les I-Premise
groupes. I-Premise

Un O
groupe O
a O
été O
traité O
avec O
une O
thérapie O
immunobiologique O
contre O
le O
cancer O
DC/CIK, O
et O
l'autre O
a O
été O
pris O
comme O
groupe O
témoin. O

L' O
évaluation O
de O
la O
dépression O
ajoutée O
aux O
soins O
habituels O
a O
probablement O
eu O
un O
effet O
car O
ce O
n' O
est O
normalement O
pas O
l' O
objectif O
du O
personnel O
de O
l' O
hospice. O

Les O
données O
pré- O
et O
post-évaluation O
ont O
été O
recueillies O
au O
moyen O
de O
questionnaires O
en O
ligne O
et O
de O
journaux O
de O
sommeil O
quotidiens. O

infusion O
et O
5-FU, O
800 O
mg/ O
m2 O
par O
voie O
intraveineuse. O

Une B-Premise
analyse I-Premise
multivariée I-Premise
a I-Premise
révélé I-Premise
que I-Premise
l' I-Premise
utilisation I-Premise
de I-Premise
l' I-Premise
IMRT I-Premise
mammaire I-Premise
(P I-Premise
= I-Premise
0,003) I-Premise
et I-Premise
une I-Premise
taille I-Premise
mammaire I-Premise
plus I-Premise
petite I-Premise
(P I-Premise
< I-Premise
0,001) I-Premise
étaient I-Premise
significativement I-Premise
associées I-Premise
à I-Premise
une I-Premise
diminution I-Premise
du I-Premise
risque I-Premise
de I-Premise
desquamation I-Premise
humide. I-Premise

186 O
patients O
éligibles O
n' O
ayant O
pas O
été O
traités O
auparavant O
ont O
participé O
à O
l' O
étude. O

Les O
interventions O
d' O
entraînement O
et O
de O
contrôle O
de O
la O
douleur O
ont O
été O
adaptées O
pour O
les O
matériaux O
et O
la O
méthode. O

Aucune B-Premise
différence I-Premise
n' I-Premise
a I-Premise
été I-Premise
observée I-Premise
entre I-Premise
les I-Premise
groupes I-Premise
pour I-Premise
l' I-Premise
activité I-Premise
(différence I-Premise
ajustée I-Premise
= I-Premise
-0,4, I-Premise
intervalle I-Premise
de I-Premise
confiance I-Premise
de I-Premise
95% I-Premise
CI I-Premise
-1,0 I-Premise
à I-Premise
0,2, I-Premise
p I-Premise
= I-Premise
0,17) I-Premise
ou I-Premise
les I-Premise
scores I-Premise
de I-Premise
profil I-Premise
(différence I-Premise
ajustée I-Premise
= I-Premise
-0,4, I-Premise
95% I-Premise
CI I-Premise
-0,9 I-Premise
à I-Premise
0,1, I-Premise
p I-Premise
= I-Premise
0,13), I-Premise
en I-Premise
utilisant I-Premise
cette I-Premise
conception I-Premise
d' I-Premise
essai, I-Premise
bien B-Claim
que I-Claim
les I-Claim
calculs I-Claim
de I-Claim
puissance I-Claim
post I-Claim
hoc I-Claim
suggèrent I-Claim
que I-Claim
65-175 I-Claim
seraient I-Claim
nécessaires I-Claim
par I-Claim
groupe I-Claim
pour I-Claim
détecter I-Claim
des I-Claim
différences I-Claim
de I-Claim
cette I-Claim
ampleur I-Claim
avec I-Claim
une I-Claim
précision I-Claim
suffisante. I-Claim

Dans B-Claim
l' I-Claim
essai I-Claim
clinique, I-Claim
le I-Claim
traitement I-Claim
par I-Claim
l' I-Claim
époétine I-Claim
alfa I-Claim
a I-Claim
permis I-Claim
de I-Claim
surmonter I-Claim
une I-Claim
grande I-Claim
partie I-Claim
du I-Claim
déficit I-Claim
de I-Claim
QOL I-Claim
observé I-Claim
chez I-Claim
les I-Claim
patients I-Claim
atteints I-Claim
d' I-Claim
anémie I-Claim
cancéreuse I-Claim
par I-Claim
rapport I-Claim
à I-Claim
l' I-Claim
échantillon I-Claim
de I-Claim
la I-Claim
population I-Claim
normale. I-Claim

Ces B-Claim
analyses I-Claim
confirment I-Claim
que I-Claim
EVE I-Claim
+ I-Claim
EXE I-Claim
procure I-Claim
un I-Claim
bénéfice I-Claim
clinique I-Claim
sans I-Claim
affecter I-Claim
négativement I-Claim
la I-Claim
QCR I-Claim
chez I-Claim
les I-Claim
patients I-Claim
atteints I-Claim
de I-Claim
QCR I-Claim
(+) I-Claim
ABC I-Claim
qui I-Claim
ont I-Claim
eu I-Claim
une I-Claim
récidive/ I-Claim
une I-Claim
progression I-Claim
suite I-Claim
à I-Claim
un I-Claim
traitement I-Claim
antérieur I-Claim
par I-Claim
ISNS I-Claim
par I-Claim
rapport I-Claim
à I-Claim
un I-Claim
traitement I-Claim
endocrinien I-Claim
seul. I-Claim

Les O
critères O
de O
jugement O
primaires O
étaient O
la O
survie O
(PCV O
vs O
TMZ) O
et O
la O
survie O
sans O
progression O
au O
bout O
de O
12 O
semaines O
(SPF);" O
TMZ- O
5 O
vs O
TMZ- O
21 O
"). O

Nous O
avons O
réalisé O
un O
essai O
randomisé O
à O
4 O
bras O
pour O
comparer O
(i) O
un O
bolus O
intraveineux O
à O
faible O
dose O
de O
LV O
(20 O
mg/ O
m2), O
suivi O
d' O
un O
bolus O
intraveineux O
de O
5FU O
(400 O
mg/ O
m2), O
suivi O
d' O
une O
perfusion O
continue O
de O
5FU O
(600 O
mg/ O
m2) O
pendant O
22 O
heures O
le O
jour O
1 O
et O
le O
jour O
2/2 O
semaines O
(ldLV5FU2 O
bras), O
(ii) O
une O
perfusion O
continue O
hebdomadaire O
de O
5FU O
à O
haute O
dose O
(2,6 O
g/ O
m2/ O
semaine) O
pendant O
6 O
semaines O
suivie O

La O
plupart O
des O
patients O
avaient O
des O
métastases O
viscérales, O
43% O
avaient O
un O
intervalle O
sans O
maladie O
de O
moins O
de O
12 O
mois, O
et O
85% O
avaient O
une O
maladie O
mesurable. O

Il B-Premise
y I-Premise
a I-Premise
eu I-Premise
une I-Premise
détérioration I-Premise
substantielle I-Premise
des I-Premise
scores I-Premise
de I-Premise
QOL I-Premise
immédiatement I-Premise
après I-Premise
le I-Premise
traitement I-Premise
(3 I-Premise
mois) I-Premise
dans I-Premise
les I-Premise
deux I-Premise
bras. I-Premise

Le B-Premise
taux I-Premise
de I-Premise
réussite I-Premise
de I-Premise
l' I-Premise
ablation I-Premise
était I-Premise
de I-Premise
91,0% I-Premise
dans I-Premise
le I-Premise
groupe I-Premise
T4-WD, I-Premise
de I-Premise
91,7% I-Premise
dans I-Premise
le I-Premise
groupe I-Premise
T3-WD I-Premise
et I-Premise
de I-Premise
91,3% I-Premise
dans I-Premise
le I-Premise
groupe I-Premise
rhTSH, I-Premise
sans I-Premise
différences I-Premise
significatives I-Premise
entre I-Premise
les I-Premise
préparations I-Premise
(p I-Premise
= I-Premise
0,2061). I-Premise

Selon O
les O
critères O
de O
conception, O
la O
palliation O
était O
équivalente O
entre O
les O
deux O
bras. O

L' O
apport O
nutritionnel O
(historique O
alimentaire), O
l' O
état O
(évaluation O
globale O
subjective O
d' O
Ottery) O
et O
la O
qualité O
de O
vie O
(questionnaire O
de O
qualité O
de O
vie O
de O
l' O
Organisation O
européenne O
pour O
la O
recherche O
et O
le O
traitement O
du O
cancer, O
version O
3.0) O
ont O
été O
évalués O
au O
début, O
à O
la O
fin O
et O
3 O
mois O
après O
la O
radiothérapie. O

La O
thérapie O
photodynamique O
topique O
(PDT) O
avec O
de O
l' O
acide O
aminolevulinique O
(ALA) O
et O
une O
crème O
d' O
imiquimod O
à O
5% O
sont O
des O
thérapies O
efficaces O
pour O
le O
traitement O
des O
kératoses O
actiniques O
(AKs), O
mais O
aucune O
étude O
en O
double O
face O
comparant O
directement O
ces O
options O
de O
traitement O
n' O
est O
disponible O
dans O
la O
littérature. O

Les O
critères O
secondaires O
comprenaient O
le O
taux O
de O
réponse O
(RR), O
la O
survie O
globale O
(OS), O
la O
toxicité O
et O
la O
qualité O
de O
vie O
(QOL). O

Le O
but O
de O
cette O
étude O
était O
d' O
évaluer O
les O
effets O
d' O
une O
nouvelle O
intervention O
de O
pleine O
conscience O
appelée O
thérapie O
d' O
art O
basée O
sur O
la O
pleine O
conscience O
(MBAT) O
par O
rapport O
au O
soutien O
éducatif O
standard, O
sur O
les O
indices O
de O
stress O
et O
de O
qualité O
de O
vie O
chez O
les O
patientes O
atteintes O
d' O
un O
cancer O
du O
sein O
présentant O
des O
niveaux O
élevés O
de O
stress. O

Les B-Premise
symptômes I-Premise
liés I-Premise
à I-Premise
la I-Premise
maladie I-Premise
se I-Premise
sont I-Premise
améliorés I-Premise
avec I-Premise
le I-Premise
temps, I-Premise
et O
les B-Premise
bénéfices I-Premise
ont I-Premise
duré I-Premise
pendant I-Premise
toute I-Premise
la I-Premise
période I-Premise
de I-Premise
traitement. I-Premise

(7.000 O
mg/ O
m O
le O
jour O
1 O
d' O
un O
cycle O
de O
28 O
jours) O
ou O
p.o. O

Les B-Premise
variables I-Premise
telles I-Premise
que I-Premise
les I-Premise
nausées I-Premise
et I-Premise
les I-Premise
vomissements, I-Premise
les I-Premise
besoins I-Premise
en I-Premise
analgésiques I-Premise
et I-Premise
antiémétiques I-Premise
ainsi I-Premise
que I-Premise
le I-Premise
niveau I-Premise
de I-Premise
douleur I-Premise
et I-Premise
la I-Premise
qualité I-Premise
de I-Premise
vie I-Premise
n' I-Premise
étaient I-Premise
pas I-Premise
différentes I-Premise
entre I-Premise
les I-Premise
groupes. I-Premise

Le O
nombre O
médian O
de O
cycles O
administrés O
était O
de O
deux O
dans O
les O
deux O
bras O
(intervalle O
0- O
14). O

Selon B-Premise
l' I-Premise
échelle I-Premise
du I-Premise
groupe I-Premise
de I-Premise
radiothérapie I-Premise
oncologique, I-Premise
le I-Premise
taux I-Premise
de I-Premise
toxicité I-Premise
rectale I-Premise
de I-Premise
grade I-Premise
2 I-Premise
ou I-Premise
plus I-Premise
était I-Premise
de I-Premise
14% I-Premise
et I-Premise
19,5% I-Premise
pour I-Premise
les I-Premise
bras I-Premise
-70 I-Premise
et I-Premise
80-Gy I-Premise
(p I-Premise
=.22), I-Premise
respectivement. I-Premise

Les O
évaluations O
au O
début, O
à O
un, O
trois O
et O
six O
mois O
comprenaient O
les O
barrières, O
l' O
Inventaire O
de O
la O
douleur, O
l' O
utilisation O
d' O
opioïdes, O
et O
les O
évaluations O
de O
la O
douleur O
des O
patients O
par O
les O
médecins O
et O
les O
infirmières. O

Toutes O
les O
valeurs O
de O
P O
sont O
bilatérales. O

L' B-Premise
ajout I-Premise
de I-Premise
RT I-Premise
à I-Premise
la I-Premise
chirurgie I-Premise
a I-Premise
entraîné I-Premise
une I-Premise
miction I-Premise
plus I-Premise
fréquente, I-Premise
ainsi I-Premise
qu' I-Premise
un I-Premise
rapport I-Premise
précoce I-Premise
d' I-Premise
un I-Premise
dysfonctionnement I-Premise
intestinal I-Premise
plus I-Premise
important, I-Premise
bien B-Premise
que I-Premise
les I-Premise
différences I-Premise
de I-Premise
fonction I-Premise
intestinale I-Premise
aient I-Premise
disparu I-Premise
au I-Premise
cours I-Premise
de I-Premise
la I-Premise
période I-Premise
de I-Premise
5 I-Premise
ans. I-Premise

Aucune B-Claim
différence I-Claim
n' I-Claim
a I-Claim
été I-Claim
trouvée I-Claim
entre I-Claim
les I-Claim
patients I-Claim
randomisés I-Claim
pour I-Claim
la I-Claim
crème I-Claim
Calendula I-Claim
ou I-Claim
Essex. I-Claim

Le B-Premise
traitement I-Premise
par I-Premise
la I-Premise
capécitabine I-Premise
a I-Premise
été I-Premise
associé I-Premise
à I-Premise
une I-Premise
diminution I-Premise
des I-Premise
nausées, I-Premise
vomissements I-Premise
et I-Premise
constipation I-Premise
et I-Premise
à I-Premise
une I-Premise
amélioration I-Premise
de I-Premise
l' I-Premise
appétit I-Premise
par I-Premise
rapport I-Premise
au I-Premise
traitement I-Premise
standard I-Premise
(P I-Premise
≤ I-Premise
0,004), I-Premise
mais I-Premise
à I-Premise
une I-Premise
aggravation I-Premise
du I-Premise
syndrome I-Premise
main-pied I-Premise
et I-Premise
de I-Premise
la I-Premise
diarrhée I-Premise
(P I-Premise
< I-Premise
0,005). I-Premise

L' O
objectif O
de O
cet O
essai O
randomisé O
multicentrique O
était O
d' O
évaluer O
l' O
efficacité O
et O
l' O
innocuité O
de O
la O
biopsie O
des O
ganglions O
lymphatiques O
sentinelles O
(SLN) O
par O
rapport O
à O
la O
dissection O
des O
ganglions O
lymphatiques O
axillaires O
(ALND). O

Soixante-dix-huit B-Premise
pour I-Premise
cent I-Premise
des I-Premise
patients I-Premise
se I-Premise
sont I-Premise
déclarés I-Premise
satisfaits I-Premise
de I-Premise
leur I-Premise
traitement I-Premise
quel I-Premise
que I-Premise
soit I-Premise
leur I-Premise
emplacement, I-Premise
tandis I-Premise
que I-Premise
57% I-Premise
des I-Premise
patients I-Premise
préféraient I-Premise
poursuivre I-Premise
leur I-Premise
traitement I-Premise
à I-Premise
l' I-Premise
hôpital, I-Premise
81% I-Premise
dans I-Premise
les I-Premise
cabinets I-Premise
de I-Premise
médecins I-Premise
généralistes I-Premise
et I-Premise
90% I-Premise
à I-Premise
domicile. I-Premise

On O
a O
observé O
le O
taux O
de O
survie O
à O
1, O
2 O
et O
3 O
ans, O
le O
taux O
de O
survie O
à O
3 O
ans O
et O
la O
durée O
de O
survie O
des O
enfants O
morts. O

Une B-Premise
augmentation I-Premise
significative I-Premise
de I-Premise
la I-Premise
neutropénie I-Premise
a I-Premise
été I-Premise
observée I-Premise
lorsque I-Premise
Taxol I-Premise
a I-Premise
été I-Premise
administré I-Premise
sous I-Premise
forme I-Premise
de I-Premise
perfusion I-Premise
de I-Premise
24 I-Premise
heures. I-Premise

Après O
l' O
intervention, O
l' O
AET O
était O
supérieur O
à O
l' O
UC O
pour O
le O
fonctionnement O
physique O
évalué O
par O
le O
patient O
(différence O
moyenne O
du O
groupe, O
+ O
9,0 O
"; O
" O
95% O
IC, O
2,0 O
à O
16,0 O
"; O
" O
P O
= O
0,012), O
la O
qualité O
de O
vie O
globale O
(P O
= O
0,021), O
la O
fatigue O
(P O
= O
0,013), O
le O
bonheur O
(P O
= O
0,004), O
la O
dépression O
(P O
= O
0,005), O
la O
santé O
générale O
(P O
< O
0,001), O
l' O
aptitude O
cardiovasculaire O
(P O
< O
0,001), O
et O
la O
masse O
maigre O
(P O
= O
0,008). O

Un O
total O
de O
329 O
patients O
de O
10 O
centres O
dans O
9 O
pays O
de O
la O
région O
Asie-Pacifique O
ont O
participé O
à O
un O
essai O
contrôlé O
randomisé O
en O
double O
aveugle O
de O
TMX O
120 O
mg/ O
jour O
(TMX120) O
contre O
P O
en O
tant O
que O
groupe O
témoin O
avec O
une O
dose O
intermédiaire O
de O
TMX O
60 O
mg/ O
jour O
(TMX60) O
afin O
d' O
évaluer O
une O
éventuelle O
réponse O
à O
la O
dose. O

Les O
taux O
de O
VEGF O
et O
d' O
antigène O
carcino-embryonnaire O
(CEA) O
dans O
le O
liquide O
pleural O
ont O
été O
déterminés O
par O
ELISA. O

L' O
intervention O
visait O
la O
communication O
des O
couples, O
l' O
espoir, O
l' O
adaptation, O
l' O
incertitude O
et O
la O
gestion O
des O
symptômes. O

Cela O
a O
révélé O
une O
différence O
significative O
dans O
la O
survie O
médiane O
en O
faveur O
des O
patients O
du O
groupe O
placebo O
de O
l'essai O
(63 O
contre O
129 O
jours); O
" O
hazard O
ratio, O
1,84 O
";" O
P O
= O
0,04 O
"). O

Déterminer O
si O
le O
type O
de O
matériau O
embolique O
utilisé O
pour O
l' O
embolisation O
de O
l' O
artère O
utérine O
(EAU) O
pour O
les O
léomiomes O
a O
un O
impact O
sur O
le O
rétablissement O
à O
court O
terme O
ou O
l' O
efficacité O
de O
l' O
embolisation. O

Le O
risque O
de O
progression O
à O
2 O
ans O
a O
été O
calculé O
pour O
l' O
ASP O
de O
base, O
la O
baisse O
" O
rapide O
" O
et O
" O
lente O
" O
de O
l' O
ASP O
à O
< O
4 O
ng/ O
ml O
(intervalle O
de O
60 O
jours), O
le O
nadir O
de O
l' O
ASP, O
l' O
état O
de O
performance O
et O
la O
douleur. O

Le B-Premise
niveau I-Premise
de I-Premise
signification I-Premise
non I-Premise
ajusté I-Premise
pour I-Premise
les I-Premise
différences I-Premise
de I-Premise
groupe I-Premise
était I-Premise
P I-Premise
= I-Premise
0,0006 I-Premise
pour I-Premise
la I-Premise
survie I-Premise
à I-Premise
10 I-Premise
ans. I-Premise

À B-Premise
3 I-Premise
mois, I-Premise
les I-Premise
patients I-Premise
G1 I-Premise
ont I-Premise
maintenu I-Premise
/ I-Premise
amélioré I-Premise
la I-Premise
fonction, I-Premise
les I-Premise
symptômes I-Premise
et I-Premise
les I-Premise
scores I-Premise
d'un I-Premise
seul I-Premise
élément I-Premise
(P I-Premise
< I-Premise
0,02 I-Premise
) I-Premise
";" I-Premise
dans I-Premise
G2, I-Premise
seules I-Premise
quelques I-Premise
échelles I-Premise
de I-Premise
fonction I-Premise
et I-Premise
de I-Premise
symptômes I-Premise
se I-Premise
sont I-Premise
améliorées I-Premise
(P I-Premise
< I-Premise
0,05 I-Premise
) I-Premise
";" I-Premise
dans I-Premise
G3, I-Premise
la I-Premise
qualité I-Premise
de I-Premise
vie I-Premise
est I-Premise
restée I-Premise
aussi I-Premise
faible I-Premise
qu' I-Premise
après I-Premise
la I-Premise
radiothérapie. I-Premise

Il B-Premise
n' I-Premise
y I-Premise
avait I-Premise
pas I-Premise
de I-Premise
différences I-Premise
significatives I-Premise
entre I-Premise
les I-Premise
groupes I-Premise
dans I-Premise
l' I-Premise
une I-Premise
des I-Premise
huit I-Premise
composantes I-Premise
des I-Premise
scores I-Premise
SF-36 I-Premise
à I-Premise
1 I-Premise
an. I-Premise

Le O
résultat O
principal O
était O
la O
survie O
globale. O

Sur O
la O
base O
d' O
études O
de O
cas O
antérieures, O
cette O
étude O
a O
été O
développée O
pour O
évaluer O
l' O
effet O
d' O
une O
intervention O
hypnotique O
pour O
les O
bouffées O
de O
chaleur. O

Un B-Claim
programme I-Claim
d' I-Claim
évaluation I-Claim
clinique I-Claim
et I-Claim
d' I-Claim
intervention I-Claim
pour I-Claim
la I-Claim
gestion I-Claim
des I-Claim
symptômes I-Claim
de I-Claim
la I-Claim
ménopause I-Claim
chez I-Claim
les I-Claim
survivantes I-Claim
du I-Claim
cancer I-Claim
du I-Claim
sein I-Claim
est I-Claim
réalisable I-Claim
et I-Claim
acceptable I-Claim
pour I-Claim
les I-Claim
patients, I-Claim
conduisant I-Claim
à I-Claim
une I-Claim
réduction I-Claim
des I-Claim
symptômes I-Claim
et I-Claim
à I-Claim
une I-Claim
amélioration I-Claim
du I-Claim
fonctionnement I-Claim
sexuel. I-Claim

Les B-Premise
deux I-Premise
régiments I-Premise
d' I-Premise
époétine I-Premise
bêta I-Premise
ont I-Premise
été I-Premise
bien I-Premise
tolérés I-Premise
et I-Premise
il I-Premise
n' I-Premise
y I-Premise
a I-Premise
eu I-Premise
aucun I-Premise
événement I-Premise
indésirable I-Premise
dépendant I-Premise
de I-Premise
la I-Premise
dose. I-Premise

Le O
questionnaire O
sur O
la O
qualité O
de O
vie O
(QLQ) O
-C30 O
de O
l' O
Organisation O
européenne O
pour O
la O
recherche O
et O
le O
traitement O
du O
cancer O
(EORTC) O
et O
le O
module O
spécifique O
sur O
le O
cancer O
du O
poumon O
(LC13) O
de O
l' O
EORTC O
QLQ O
ont O
été O
utilisés O
pour O
étudier O
le O
soulagement O
des O
symptômes O
des O
voies O
respiratoires O
et O
les O
modifications O
de O
la O
QLQR. O

La O
toxicité O
liée O
aux O
cannabinoïdes O
a O
été O
évaluée O
toutes O
les O
2 O
semaines. O

La B-Premise
QOL, I-Premise
à I-Premise
l' I-Premise
exception I-Premise
des I-Premise
symptômes I-Premise
de I-Premise
neuropathie I-Premise
sensorielle I-Premise
et I-Premise
de I-Premise
perte I-Premise
auditive, I-Premise
chez I-Premise
les I-Premise
patients I-Premise
traités I-Premise
par I-Premise
chimiothérapie I-Premise
est I-Premise
revenue I-Premise
à I-Premise
la I-Premise
valeur I-Premise
initiale I-Premise
à I-Premise
9 I-Premise
mois. I-Premise

Une B-Premise
diminution I-Premise
de I-Premise
la I-Premise
qualité I-Premise
de I-Premise
vie I-Premise
plus I-Premise
tard I-Premise
après I-Premise
le I-Premise
traitement I-Premise
a I-Premise
également I-Premise
été I-Premise
observée I-Premise
chez I-Premise
des I-Premise
patients I-Premise
diagnostiqués I-Premise
avec I-Premise
un I-Premise
cancer I-Premise
du I-Premise
pancréas I-Premise
non I-Premise
résécable I-Premise
et I-Premise
traités I-Premise
avec I-Premise
le I-Premise
même I-Premise
schéma I-Premise
thérapeutique. I-Premise

Les O
coûts O
initiaux O
étaient O
plus O
élevés O
pour O
le O
GJJ O
par O
rapport O
au O
placement O
d' O
un O
stent O
(8315 O
euros O
contre O
4820 O
euros, O
P O
< O
0,001). O

Le O
18 O
novembre O
2004, O
la O
FDA O
a O
approuvé O
l' O
utilisation O
régulière O
de O
l' O
erlotinib O
pour O
le O
traitement O
des O
patients O
atteints O
d' O
un O
NSCLC O
localement O
avancé O
ou O
métastatique O
après O
l' O
échec O
d' O
au O
moins O
un O
traitement O
chimiothérapeutique O
antérieur. O

Cette O
étude O
visait O
à O
évaluer O
l' O
efficacité O
du O
vaccin O
autologue O
à O
cellules O
dendritiques O
(immunothérapie) O
contre O
le O
glioblastome O
multiforme O
(GBM). O

Les B-Claim
patients I-Claim
cancéreux I-Claim
devraient I-Claim
avoir I-Claim
accès I-Claim
à I-Claim
une I-Claim
éducation I-Claim
sur I-Claim
la I-Claim
gestion I-Claim
de I-Claim
la I-Claim
douleur I-Claim
pour I-Claim
acquérir I-Claim
des I-Claim
connaissances I-Claim
et I-Claim
corriger I-Claim
les I-Claim
idées I-Claim
fausses I-Claim
dans I-Claim
la I-Claim
gestion I-Claim
de I-Claim
leur I-Claim
douleur I-Claim
cancéreuse. I-Claim

Une B-Premise
résolution I-Premise
complète I-Premise
de I-Premise
tous I-Premise
les I-Premise
symptômes I-Premise
a I-Premise
été I-Premise
obtenue I-Premise
chez I-Premise
3 I-Premise
(5%) I-Premise
des I-Premise
patients I-Premise
sous I-Premise
le I-Premise
régime I-Premise
1 I-Premise
et I-Premise
chez I-Premise
14 I-Premise
(23%) I-Premise
des I-Premise
patients I-Premise
sous I-Premise
le I-Premise
régime I-Premise
2 I-Premise
(P I-Premise
< I-Premise
0,001), I-Premise
une I-Premise
différence I-Premise
dans I-Premise
la I-Premise
proportion I-Premise
entre I-Premise
les I-Premise
deux I-Premise
régimes I-Premise
de I-Premise
21% I-Premise
(95% I-Premise
IC I-Premise
10 I-Premise
à I-Premise
33). I-Premise

Les B-Claim
patients I-Claim
ayant I-Claim
effectué I-Claim
des I-Claim
exercices I-Claim
de I-Claim
déglutition I-Claim
prophylactiques I-Claim
présentaient I-Claim
une I-Claim
amélioration I-Claim
de I-Claim
la I-Claim
fonction I-Claim
de I-Claim
déglutition I-Claim
à I-Claim
3 I-Claim
et I-Claim
6 I-Claim
mois I-Claim
après I-Claim
la I-Claim
TCR, I-Claim
mais I-Claim
pas I-Claim
immédiatement I-Claim
après I-Claim
la I-Claim
TCR I-Claim
ou I-Claim
à I-Claim
9 I-Claim
et I-Claim
12 I-Claim
mois I-Claim
après I-Claim
la I-Claim
TCR. I-Claim

Le O
groupe O
MLD O
avec O
bandage O
de O
compression O
(thérapie O
décongestive O
complexe) O
(groupe O
I, O
n=15) O
et O
le O
groupe O
IPC O
avec O
SLD O
(groupe O
II, O
n=15) O
ont O
tous O
les O
deux O
reçu O
un O
traitement O
pour O
LE O
3 O
jours O
par O
semaine O
et O
tous O
les O
deux O
jours O
pendant O
6 O
semaines. O

Nous O
avons O
évalué O
le O
rôle O
des O
génotypes O
liés O
au O
glutathion O
sur O
la O
survie O
globale, O
le O
temps O
de O
progression, O
les O
événements O
indésirables O
et O
la O
qualité O
de O
vie O
(QOL) O
chez O
les O
patients O
atteints O
d' O
un O
cancer O
du O
poumon O
non O
à O
petites O
cellules O
au O
stade O
IIIB O
/ O
IV O
qui O
étaient O
stables O
ou O
qui O
répondaient O
au O
traitement O
initial O
par O
chimiothérapie O
à O
base O
de O
platine O
et O
qui O
ont O
ensuite O
été O
randomisés O
pour O
recevoir O
quotidiennement O
du O
carboxyaminoimidazole O
par O
voie O
orale O
ou O
un O
placebo. O

Le B-Premise
taux I-Premise
de I-Premise
rémission I-Premise
globale, I-Premise
le I-Premise
taux I-Premise
de I-Premise
rémission I-Premise
complète, I-Premise
la I-Premise
survie I-Premise
médiane I-Premise
et I-Premise
le I-Premise
taux I-Premise
de I-Premise
survie I-Premise
à I-Premise
long I-Premise
terme I-Premise
n' I-Premise
étaient I-Premise
pas I-Premise
significativement I-Premise
différents I-Premise
dans I-Premise
les I-Premise
deux I-Premise
bras I-Premise
de I-Premise
traitement. I-Premise

Les O
patients O
du O
groupe O
1 O
qui O
ont O
développé O
une O
gynécomastie O
ou O
des O
douleurs O
mammaires O
ont O
ensuite O
été O
randomisés O
pour O
recevoir O
du O
tamoxifène O
ou O
de O
la O
thérapie O
antirétrovirale O
peu O
de O
temps O
après O
l' O
apparition O
des O
symptômes. O

Seuls O
les O
patients O
âgés O
de O
plus O
de O
5 O
ans O
atteints O
d' O
une O
maladie O
paraméningienne O
et O
les O
patients O
âgés O
de O
plus O
de O
12 O
ans O
présentant O
des O
tumeurs O
sur O
n' O
importe O
quel O
site O
ont O
bénéficié O
d' O
une O
irradiation O
systématique. O

Les O
scores O
globaux O
de O
l' O
état O
de O
santé O
au O
départ O
étaient O
similaires O
entre O
les O
groupes O
de O
traitement O
(64,7 O
contre O
65,3). O

La B-Premise
RH I-Premise
pour I-Premise
la I-Premise
survie I-Premise
globale I-Premise
était I-Premise
de I-Premise
0,96 I-Premise
(IC I-Premise
à I-Premise
95%, I-Premise
de I-Premise
0,75 I-Premise
à I-Premise
1,23 I-Premise
"; I-Premise
" I-Premise
P I-Premise
= I-Premise
0,7349 I-Premise
"). I-Premise

Un O
total O
de O
724 O
patients O
(51% O
avec O
une O
maladie O
limitée O
et O
49% O
avec O
une O
maladie O
étendue) O
ont O
été O
assignés O
au O
hasard O
pour O
recevoir O
un O
placebo O
ou O
des O
gélules O
de O
thalidomide, O
100 O
à O
200 O
mg O
par O
jour O
pendant O
2 O
ans O
au O
maximum. O

Les B-Premise
différences I-Premise
étaient I-Premise
plus I-Premise
évidentes I-Premise
peu I-Premise
de I-Premise
temps I-Premise
après I-Premise
la I-Premise
fin I-Premise
de I-Premise
la I-Premise
radiothérapie. I-Premise

Pour O
évaluer O
la O
validité O
simultanée, O
la O
corrélation O
de O
Pearson O
entre O
l' O
échelle O
d' O
auto-évaluation O
linéaire O
analogique O
et O
la O
liste O
de O
contrôle O
des O
adjectifs O
a O
été O
calculée O
pour O
chaque O
point O
de O
temps O
au O
sein O
de O
chaque O
groupe O
de O
traitement O
et O
pour O
les O
deux O
évaluations O
après O
récidive. O

Les O
critères O
d' O
inclusion O
étaient O
inopérable, O
la O
maladie O
trop O
avancée O
pour O
une O
radiothérapie O
curative, O
et O
des O
symptômes O
thoraciques O
ou O
une O
tumeur O
centrale O
menaçant O
les O
voies O
respiratoires. O

Nous O
avons O
étudié O
le O
rôle O
de O
la O
thérapie O
immunobiologique O
contre O
le O
cancer O
DC/CIK O
(cellules O
dendritiques/cellules O
tueuses O
induites O
par O
les O
cytokines) O
dans O
le O
traitement O
d'entretien O
du O
cancer O
du O
poumon O
non O
à O
petites O
cellules O
avancé. O

La O
mucosite O
buccale O
induite O
par O
la O
chimioradiothérapie O
(CRT) O
affecte O
négativement O
les O
fonctions O
buccales O
et O
la O
qualité O
de O
vie O
(QOL) O
du O
patient. O

Sur O
558 O
femmes O
affectées O
au O
traitement O
au O
hasard, O
418 O
ont O
terminé O
l' O
évaluation O
de O
6 O
mois O
et O
399 O
l' O
évaluation O
de O
12 O
mois. O

Le B-Premise
groupe I-Premise
AT I-Premise
sans I-Premise
tamoxifène I-Premise
avait I-Premise
le I-Premise
taux I-Premise
d' I-Premise
aménorrhée I-Premise
le I-Premise
plus I-Premise
bas. I-Premise

Les O
patients O
ont O
été O
randomisés O
1:1 O
à O
un O
schéma O
posologique O
prolongé O
(EDS: O
darbepoétine O
alfa O
300 O
μg O
Q2W O
si O
la O
chimiothérapie O
était O
QW, O
Q2W O
ou O
Q4W O
ou O
darbepoétine O
alfa O
500 O
μg O
Q3W O
si O
la O
chimiothérapie O
était O
Q3W) O
ou O
hebdomadaire O
(150 O
μg O
QW O
quel O
que O
soit O
le O
schéma O
de O
chimiothérapie). O

Nous O
avons O
cherché O
à O
savoir O
dans O
quelle O
mesure O
la O
morbidité O
du O
bras O
pourrait O
être O
réduite O
en O
utilisant O
un O
traitement O
basé O
sur O
les O
ganglions O
lymphatiques O
sentinelles O
chez O
les O
femmes O
atteintes O
d' O
un O
cancer O
du O
sein O
précoce O
cliniquement O
ganglionnaire O
négatif. O

L' B-Premise
intervention I-Premise
a I-Premise
démontré I-Premise
une I-Premise
tendance I-Premise
à I-Premise
l' I-Premise
amélioration I-Premise
de I-Premise
la I-Premise
CRF, I-Premise
bien B-Premise
que I-Premise
cet I-Premise
effet I-Premise
ait I-Premise
été I-Premise
réduit I-Premise
une I-Premise
fois I-Premise
que I-Premise
les I-Premise
facteurs I-Premise
de I-Premise
confusion I-Premise
ont I-Premise
été I-Premise
contrôlés I-Premise
statistiquement. I-Premise

Les O
caractéristiques O
de O
base, O
y O
compris O
les O
scores O
LCSS, O
étaient O
bien O
équilibrées O
entre O
les O
groupes. O

L' B-Premise
apport I-Premise
alimentaire I-Premise
s' I-Premise
est I-Premise
amélioré I-Premise
plus I-Premise
rapidement I-Premise
après I-Premise
la I-Premise
pose I-Premise
d' I-Premise
un I-Premise
stent I-Premise
qu' I-Premise
après I-Premise
la I-Premise
GJJ, I-Premise
mais B-Premise
le I-Premise
soulagement I-Premise
à I-Premise
long I-Premise
terme I-Premise
des I-Premise
symptômes I-Premise
obstructifs I-Premise
était I-Premise
meilleur I-Premise
après I-Premise
la I-Premise
GJJ. I-Premise

L' B-Premise
anthracycline I-Premise
combinée I-Premise
suivie I-Premise
d' I-Premise
un I-Premise
groupe I-Premise
de I-Premise
taxane I-Premise
avait I-Premise
des I-Premise
scores I-Premise
d' I-Premise
utilité I-Premise
significativement I-Premise
plus I-Premise
élevés I-Premise
que I-Premise
le I-Premise
groupe I-Premise
de I-Premise
taxane I-Premise
seul, I-Premise
sans I-Premise
différence I-Premise
significative I-Premise
selon I-Premise
le I-Premise
type I-Premise
de I-Premise
taxane. I-Premise

Le B-Premise
temps I-Premise
jusqu' I-Premise
à I-Premise
la I-Premise
progression I-Premise
(TTP; I-Premise
" I-Premise
point I-Premise
final I-Premise
primaire I-Premise
") I-Premise
et I-Premise
le I-Premise
temps I-Premise
jusqu' I-Premise
à I-Premise
l' I-Premise
échec I-Premise
du I-Premise
traitement I-Premise
(TTF) I-Premise
étaient I-Premise
significativement I-Premise
plus I-Premise
longs I-Premise
avec I-Premise
AT I-Premise
qu' I-Premise
avec I-Premise
AC I-Premise
(TTP I-Premise
médian, I-Premise
37,3 I-Premise
v I-Premise
31,9 I-Premise
semaines; I-Premise
" I-Premise
log-rank I-Premise
P I-Premise
= I-Premise
0,014 I-Premise
"; I-Premise
" I-Premise
TTF I-Premise
médian, I-Premise
25,6 I-Premise
v I-Premise
23,7 I-Premise
semaines I-Premise
"; I-Premise
" I-Premise
log-rank I-Premise
P I-Premise
= I-Premise
0,048 I-Premise
"). I-Premise

A B-Premise
6 I-Premise
semaines, I-Premise
les I-Premise
effets I-Premise
initiaux I-Premise
ont I-Premise
été I-Premise
conservés. I-Premise

Après B-Claim
1 I-Claim
mois I-Claim
de I-Claim
r-HuEPO, I-Claim
il I-Claim
y I-Claim
a I-Claim
aussi I-Claim
une I-Claim
réduction I-Claim
des I-Claim
besoins I-Claim
en I-Claim
transfusions. I-Claim

Le B-Premise
groupe I-Premise
à I-Premise
dose I-Premise
accrue I-Premise
était I-Premise
légèrement I-Premise
plus I-Premise
émétogène I-Premise
et I-Premise
produisait I-Premise
plus I-Premise
d' I-Premise
anémie I-Premise
de I-Premise
grade I-Premise
3 I-Premise
à I-Premise
4 I-Premise
mais I-Premise
moins I-Premise
d' I-Premise
épisodes I-Premise
de I-Premise
neutropénie I-Premise
fébrile. I-Premise

Les B-Premise
effets I-Premise
indésirables I-Premise
les I-Premise
plus I-Premise
fréquents I-Premise
liés I-Premise
au I-Premise
traitement I-Premise
ont I-Premise
été I-Premise
éruption I-Premise
cutanée, I-Premise
diarrhée I-Premise
et I-Premise
pruritus. I-Premise

Dans O
ce O
contexte, O
le B-Claim
contrôle I-Claim
local I-Claim
et I-Claim
la I-Claim
survie I-Claim
étaient I-Claim
essentiellement I-Claim
égaux I-Claim
entre I-Claim
les I-Claim
bras I-Claim
chirurgicaux I-Claim
et I-Claim
RT. I-Claim

Les B-Premise
scores I-Premise
de I-Premise
changement I-Premise
de I-Premise
PF I-Premise
étaient I-Premise
de I-Premise
- I-Premise
3,9 I-Premise
pour I-Premise
le I-Premise
cetuximab I-Premise
et I-Premise
de I-Premise
- I-Premise
8,6 I-Premise
pour I-Premise
le I-Premise
BSC I-Premise
(P I-Premise
= I-Premise
0,046) I-Premise
à I-Premise
8 I-Premise
semaines I-Premise
et I-Premise
étaient I-Premise
respectivement I-Premise
de I-Premise
- I-Premise
5,9 I-Premise
et I-Premise
- I-Premise
12,5 I-Premise
pour I-Premise
le I-Premise
cetuximab I-Premise
et I-Premise
le I-Premise
BSC I-Premise
(P I-Premise
= I-Premise
0,027) I-Premise
à I-Premise
16 I-Premise
semaines. I-Premise

Des B-Premise
résultats I-Premise
similaires I-Premise
ont I-Premise
été I-Premise
trouvés I-Premise
pour I-Premise
la I-Premise
radioiodine I-Premise
à I-Premise
faible I-Premise
dose I-Premise
associée I-Premise
à I-Premise
la I-Premise
thyrotrophine I-Premise
alfa I-Premise
(84,3%) I-Premise
par I-Premise
rapport I-Premise
à I-Premise
la I-Premise
radioiodine I-Premise
à I-Premise
dose I-Premise
élevée I-Premise
associée I-Premise
au I-Premise
sevrage I-Premise
de I-Premise
l' I-Premise
hormone I-Premise
thyroïdienne I-Premise
(87,6%) I-Premise
ou I-Premise
à I-Premise
la I-Premise
radioiodine I-Premise
à I-Premise
dose I-Premise
élevée I-Premise
associée I-Premise
à I-Premise
la I-Premise
thyrotrophine I-Premise
alfa I-Premise
(90,2%). I-Premise

La B-Premise
modification I-Premise
de I-Premise
l' I-Premise
auto-efficacité I-Premise
pour I-Premise
la I-Premise
restriction I-Premise
des I-Premise
graisses I-Premise
a I-Premise
partiellement I-Premise
expliqué I-Premise
l' I-Premise
impact I-Premise
de I-Premise
l' I-Premise
intervention I-Premise
sur I-Premise
la I-Premise
qualité I-Premise
globale I-Premise
de I-Premise
l' I-Premise
alimentation I-Premise
chez I-Premise
les I-Premise
hommes I-Premise
seulement I-Premise
(effet I-Premise
indirect I-Premise
moyen I-Premise
= I-Premise
0,60). I-Premise

D' B-Premise
autres I-Premise
paramètres I-Premise
de I-Premise
QOL I-Premise
analysés I-Premise
ont I-Premise
favorisé I-Premise
le I-Premise
groupe I-Premise
recevant I-Premise
le I-Premise
placebo I-Premise
mais B-Premise
n' I-Premise
ont I-Premise
pas I-Premise
été I-Premise
statistiquement I-Premise
significatifs I-Premise
après I-Premise
ajustement I-Premise
pour I-Premise
des I-Premise
tests I-Premise
multiples. I-Premise

La B-Premise
survie I-Premise
globale I-Premise
était I-Premise
plus I-Premise
longue I-Premise
avec I-Premise
la I-Premise
DCF I-Premise
par I-Premise
rapport I-Premise
à I-Premise
la I-Premise
CF I-Premise
(réduction I-Premise
du I-Premise
risque I-Premise
de I-Premise
23% I-Premise
";" I-Premise
log-rank I-Premise
P I-Premise
= I-Premise
0,02 I-Premise
"). I-Premise

Il B-Premise
y I-Premise
a I-Premise
eu I-Premise
des I-Premise
améliorations I-Premise
statistiquement I-Premise
significatives I-Premise
des I-Premise
résultats I-Premise
dans I-Premise
le I-Premise
groupe I-Premise
expérimental I-Premise
par I-Premise
rapport I-Premise
au I-Premise
groupe I-Premise
témoin I-Premise
à I-Premise
la I-Premise
fois I-Premise
à I-Premise
8 I-Premise
et I-Premise
à I-Premise
12 I-Premise
semaines I-Premise
(sauf I-Premise
indication I-Premise
contraire) I-Premise
pour I-Premise
la I-Premise
perturbation I-Premise
totale I-Premise
de I-Premise
l' I-Premise
humeur I-Premise
POMS I-Premise
(et I-Premise
ses I-Premise
sous-échelles I-Premise
d' I-Premise
anxiété, I-Premise
de I-Premise
dépression I-Premise
[ I-Premise
8 I-Premise
semaines I-Premise
seulement I-Premise
], I-Premise
de I-Premise
colère I-Premise
[ I-Premise
12 I-Premise
semaines I-Premise
seulement I-Premise
], I-Premise
de I-Premise
vigueur, I-Premise
de I-Premise
fatigue I-Premise
et I-Premise
de I-Premise
confusion I-Premise
[ I-Premise
8 I-Premise
semaines I-Premise
seulement I-Premise
]), I-Premise
FACT-B, I-Premise
FACT-ES, I-Premise
(et I-Premise
sous-échelles I-Premise
d' I-Premise
évaluation I-Premise
fonctionnelle I-Premise

Le B-Premise
groupe I-Premise
de I-Premise
traitement I-Premise
combiné I-Premise
a I-Premise
démontré I-Premise
13 I-Premise
cas I-Premise
de I-Premise
rémission I-Premise
complète I-Premise
et I-Premise
22 I-Premise
cas I-Premise
de I-Premise
rémission I-Premise
partielle. I-Premise

L' B-Premise
ICUR I-Premise
pour I-Premise
le I-Premise
traitement I-Premise
par I-Premise
epoétine I-Premise
alfa I-Premise
était I-Premise
de I-Premise
8 I-Premise
851 I-Premise
livres I-Premise
par I-Premise
QALY, I-Premise
avec I-Premise
une I-Premise
probabilité I-Premise
de I-Premise
99% I-Premise
d' I-Premise
un I-Premise
bénéfice I-Premise
net I-Premise
positif I-Premise
dans I-Premise
les I-Premise
QALY I-Premise
(bénéfice I-Premise
net I-Premise
= I-Premise
0,4805 I-Premise
années I-Premise
de I-Premise
vie I-Premise
parfaite) I-Premise
et I-Premise
une I-Premise
probabilité I-Premise
de I-Premise
94% I-Premise
d' I-Premise
être I-Premise
acceptable I-Premise
en I-Premise
utilisant I-Premise
un I-Premise
seuil I-Premise
ICUR I-Premise
de I-Premise
30 I-Premise
000 I-Premise
livres/QALY. I-Premise

Il B-Premise
n' I-Premise
y I-Premise
avait I-Premise
pas I-Premise
de I-Premise
différence I-Premise
significative I-Premise
dans I-Premise
les I-Premise
valeurs I-Premise
moyennes I-Premise
des I-Premise
scores I-Premise
entre I-Premise
le I-Premise
" I-Premise
guérisseur I-Premise
" I-Premise
et I-Premise
l' I-Premise
acteur I-Premise
en I-Premise
ce I-Premise
qui I-Premise
concerne I-Premise
le I-Premise
critère I-Premise
principal I-Premise
(p I-Premise
= I-Premise
0,34) I-Premise
ou I-Premise
le I-Premise
critère I-Premise
secondaire I-Premise
(p I-Premise
= I-Premise
0,94), I-Premise
mais B-Premise
la I-Premise
comparaison I-Premise
était I-Premise
limitée I-Premise
en I-Premise
raison I-Premise
de I-Premise
violations I-Premise
majeures I-Premise
du I-Premise
protocole I-Premise
par I-Premise
le I-Premise
" I-Premise
guérisseur I-Premise
" I-Premise
qui I-Premise
a I-Premise
dévoilé I-Premise
son I-Premise
statut I-Premise
après I-Premise
le I-Premise
premier I-Premise
essai I-Premise
et I-Premise
a I-Premise
quitté I-Premise
l' I-Premise
étude. I-Premise

Le B-Claim
traitement I-Claim
hormonal I-Claim
du I-Claim
cancer I-Claim
du I-Claim
sein I-Claim
augmente I-Claim
les I-Claim
symptômes I-Claim
de I-Claim
la I-Claim
ménopause I-Claim
chez I-Claim
les I-Claim
femmes. I-Claim

L'efficacité B-Claim
possible I-Claim
du I-Claim
5-FU I-Claim
+ I-Claim
CDDP I-Claim
à I-Claim
faible I-Claim
dose I-Claim
pour I-Claim
le I-Claim
cancer I-Claim
colorectal I-Claim
(CRC) I-Claim
est I-Claim
intrigante. I-Claim

CPT-11 B-Premise
+ I-Premise
LFA-5-FU I-Premise
se I-Premise
compare I-Premise
favorablement I-Premise
en I-Premise
termes I-Premise
d' I-Premise
activité I-Premise
et I-Premise
de I-Premise
toxicité I-Premise
avec I-Premise
d' I-Premise
autres I-Premise
régimes I-Premise
combinés, I-Premise
y I-Premise
compris I-Premise
CPT-11 I-Premise
et I-Premise
5-FU I-Premise
par I-Premise
perfusion I-Premise
continue. I-Premise

Dans B-Premise
l' I-Premise
ensemble, I-Premise
les I-Premise
patients I-Premise
traités I-Premise
par I-Premise
la I-Premise
goséréline I-Premise
seule I-Premise
ont I-Premise
montré I-Premise
une I-Premise
nette I-Premise
amélioration I-Premise
ou I-Premise
une I-Premise
moindre I-Premise
détérioration I-Premise
des I-Premise
mesures I-Premise
de I-Premise
la I-Premise
QOL I-Premise
au I-Premise
cours I-Premise
des I-Premise
6 I-Premise
premiers I-Premise
mois I-Premise
par I-Premise
rapport I-Premise
aux I-Premise
patients I-Premise
traités I-Premise
par I-Premise
la I-Premise
CMF. I-Premise

Les B-Claim
cliniciens I-Claim
devraient I-Claim
encourager I-Claim
l' I-Claim
activité I-Claim
de I-Claim
leurs I-Claim
patients. I-Claim

L' B-Premise
utilisation I-Premise
de I-Premise
la I-Premise
fluoxétine I-Premise
pendant I-Premise
6 I-Premise
mois I-Premise
a I-Premise
entraîné I-Premise
une I-Premise
amélioration I-Premise
de I-Premise
la I-Premise
qualité I-Premise
de I-Premise
vie, I-Premise
une I-Premise
plus I-Premise
longue I-Premise
durée I-Premise
de I-Premise
traitement I-Premise
adjuvant I-Premise
(chimiothérapie, I-Premise
thérapie I-Premise
hormonale, I-Premise
chimiothérapie I-Premise
plus I-Premise
thérapie I-Premise
hormonale) I-Premise
et I-Premise
une I-Premise
réduction I-Premise
des I-Premise
symptômes I-Premise
dépressifs I-Premise
par I-Premise
rapport I-Premise
aux I-Premise
patients I-Premise
ayant I-Premise
reçu I-Premise
un I-Premise
placebo. I-Premise

Dans B-Premise
les I-Premise
analyses I-Premise
contrôlant I-Premise
le I-Premise
site I-Premise
d'étude I-Premise
et I-Premise
les I-Premise
symptômes I-Premise
dépressifs I-Premise
de I-Premise
base, I-Premise
le I-Premise
VID I-Premise
a I-Premise
produit I-Premise
une I-Premise
amélioration I-Premise
significative I-Premise
de I-Premise
l'énergie I-Premise
/ I-Premise
de I-Premise
la I-Premise
fatigue I-Premise
à I-Premise
6 I-Premise
mois I-Premise
par I-Premise
rapport I-Premise
au I-Premise
CTL, I-Premise
en I-Premise
particulier I-Premise
chez I-Premise
les I-Premise
femmes I-Premise
qui I-Premise
se I-Premise
sentaient I-Premise
moins I-Premise
préparées I-Premise
à I-Premise
la I-Premise
réentrée I-Premise
au I-Premise
départ. I-Premise

Un B-Claim
infarctus I-Claim
de I-Claim
fibromes I-Claim
complet I-Claim
ne I-Claim
signifie I-Claim
pas I-Claim
une I-Claim
absence I-Claim
totale I-Claim
d' I-Claim
intervention I-Claim
ultérieure. I-Claim

La B-Claim
perfusion I-Claim
intrapéritonéale I-Claim
de I-Claim
verapamil I-Claim
améliore I-Claim
l' I-Claim
efficacité I-Claim
des I-Claim
médicaments I-Claim
de I-Claim
chimiothérapie, I-Claim
prolonge I-Claim
la I-Claim
survie I-Claim
et I-Claim
améliore I-Claim
la I-Claim
qualité I-Claim
de I-Claim
vie. I-Claim

L' B-Premise
incidence I-Premise
de I-Premise
l' I-Premise
anémie, I-Premise
de I-Premise
la I-Premise
neutropénie I-Premise
et I-Premise
de I-Premise
la I-Premise
thrombocytopénie I-Premise
de I-Premise
grade I-Premise
3 I-Premise
ou I-Premise
4 I-Premise
selon I-Premise
l' I-Premise
OMS I-Premise
était I-Premise
respectivement I-Premise
de I-Premise
29, I-Premise
44 I-Premise
et I-Premise
22% I-Premise
(groupe I-Premise
GE) I-Premise
et I-Premise
de I-Premise
28, I-Premise
49 I-Premise
et I-Premise
23% I-Premise
(groupe I-Premise
GP) I-Premise
(p I-Premise
= I-Premise
0,75, I-Premise
0,95 I-Premise
et I-Premise
0,87, I-Premise
respectivement). I-Premise

Les B-Claim
preuves I-Claim
suggèrent I-Claim
que I-Claim
la I-Claim
phase I-Claim
de I-Claim
réentrée I-Claim
(c' I-Claim
est-à-dire I-Claim
la I-Claim
période I-Claim
précoce I-Claim
après I-Claim
l' I-Claim
achèvement I-Claim
du I-Claim
traitement I-Claim
médical) I-Claim
présente I-Claim
des I-Claim
défis I-Claim
distincts I-Claim
pour I-Claim
les I-Claim
patients I-Claim
atteints I-Claim
de I-Claim
cancer. I-Claim

La B-Claim
réduction I-Claim
de I-Claim
la I-Claim
détresse I-Claim
est I-Claim
soulignée I-Claim
comme I-Claim
un I-Claim
mécanisme I-Claim
important I-Claim
par I-Claim
lequel I-Claim
la I-Claim
santé I-Claim
peut I-Claim
être I-Claim
améliorée. I-Claim

Le B-Claim
létrozole I-Claim
n' I-Claim
a I-Claim
pas I-Claim
eu I-Claim
d' I-Claim
impact I-Claim
négatif I-Claim
sur I-Claim
la I-Claim
qualité I-Claim
de I-Claim
vie I-Claim
globale. I-Claim

Différentes B-Claim
analyses I-Claim
ont I-Claim
abouti I-Claim
à I-Claim
des I-Claim
conclusions I-Claim
légèrement I-Claim
différentes I-Claim
mais, O
en B-Claim
général, I-Claim
les I-Claim
analyses I-Claim
de I-Claim
la I-Claim
QOL I-Claim
étaient I-Claim
concordantes I-Claim
et I-Claim
ont I-Claim
montré I-Claim
que I-Claim
les I-Claim
patients I-Claim
sous I-Claim
DOX I-Claim
seul I-Claim
présentaient I-Claim
moins I-Claim
d' I-Claim
événements I-Claim
indésirables I-Claim
liés I-Claim
à I-Claim
la I-Claim
maladie I-Claim
et I-Claim
au I-Claim
traitement I-Claim
et I-Claim
une I-Claim
meilleure I-Claim
QOL. I-Claim

La B-Claim
combinaison I-Claim
de I-Claim
jour I-Claim
1-8 I-Claim
VNR I-Claim
plus I-Claim
CDDP I-Claim
toutes I-Claim
les I-Claim
3 I-Claim
semaines I-Claim
est I-Claim
moins I-Claim
toxique I-Claim
et I-Claim
mieux I-Claim
tolérée I-Claim
que I-Claim
le I-Claim
régime I-Claim
de I-Claim
VNR I-Claim
hebdomadaire I-Claim
plus I-Claim
CDDP I-Claim
toutes I-Claim
les I-Claim
4 I-Claim
semaines. I-Claim

Cependant, B-Claim
en I-Claim
supposant I-Claim
que I-Claim
ces I-Claim
améliorations I-Claim
aient I-Claim
été I-Claim
causées I-Claim
par I-Claim
l' I-Claim
approche I-Claim
homéopathique I-Claim
individualisée, I-Claim
l' I-Claim
étude I-Claim
n' I-Claim
a I-Claim
pas I-Claim
montré I-Claim
clairement I-Claim
que I-Claim
l' I-Claim
effet I-Claim
spécifique I-Claim
du I-Claim
remède I-Claim
s' I-Claim
est I-Claim
ajouté I-Claim
aux I-Claim
effets I-Claim
non I-Claim
spécifiques I-Claim
de I-Claim
la I-Claim
consultation. I-Claim

Ces B-Claim
résultats I-Claim
démontrent I-Claim
des I-Claim
baisses I-Claim
cliniquement I-Claim
significatives I-Claim
et I-Claim
transitoires I-Claim
de I-Claim
la I-Claim
QMR I-Claim
avec I-Claim
la I-Claim
VMP I-Claim
et I-Claim
une I-Claim
QMR I-Claim
relativement I-Claim
plus I-Claim
faible I-Claim
par I-Claim
rapport I-Claim
à I-Claim
la I-Claim
MP I-Claim
au I-Claim
cours I-Claim
des I-Claim
premiers I-Claim
cycles I-Claim
de I-Claim
traitement, I-Claim
associées I-Claim
aux I-Claim
toxicités I-Claim
supplémentaires I-Claim
attendues. I-Claim

L' B-Claim
interruption I-Claim
de I-Claim
l' I-Claim
administration I-Claim
d' I-Claim
imatinib I-Claim
entraîne I-Claim
une I-Claim
progression I-Claim
rapide I-Claim
chez I-Claim
la I-Claim
plupart I-Claim
des I-Claim
patients I-Claim
atteints I-Claim
d' I-Claim
un I-Claim
GIST I-Claim
avancé I-Claim
et I-Claim
ne I-Claim
peut I-Claim
être I-Claim
recommandée I-Claim
dans I-Claim
la I-Claim
pratique I-Claim
courante I-Claim
à I-Claim
moins I-Claim
que I-Claim
le I-Claim
patient I-Claim
ne I-Claim
présente I-Claim
une I-Claim
toxicité I-Claim
significative. I-Claim

rhTSH B-Claim
préserve I-Claim
la I-Claim
qualité I-Claim
de I-Claim
vie I-Claim
des I-Claim
patients I-Claim
sous I-Claim
RRA I-Claim
avec I-Claim
des I-Claim
taux I-Claim
similaires I-Claim
de I-Claim
réussite I-Claim
de I-Claim
l' I-Claim
ablation I-Claim
par I-Claim
rapport I-Claim
à I-Claim
l' I-Claim
hypothyroïdie. I-Claim

Les B-Claim
données I-Claim
in I-Claim
vivo I-Claim
ont I-Claim
montré I-Claim
un I-Claim
effet I-Claim
antiangiogénique I-Claim
plus I-Claim
puissant I-Claim
et I-Claim
une I-Claim
activité I-Claim
antitumorale I-Claim
plus I-Claim
élevée I-Claim
de I-Claim
l' I-Claim
interféron I-Claim
à I-Claim
faible I-Claim
dose I-Claim
(IFN) I-Claim
administré I-Claim
deux I-Claim
fois I-Claim
par I-Claim
jour. I-Claim

Cette B-Claim
procédure I-Claim
a I-Claim
été I-Claim
réalisée I-Claim
avec I-Claim
le I-Claim
patient I-Claim
en I-Claim
état I-Claim
d' I-Claim
hypothyroïdie I-Claim
pour I-Claim
favoriser I-Claim
la I-Claim
stimulation I-Claim
endogène I-Claim
de I-Claim
la I-Claim
TSH I-Claim
et I-Claim
est I-Claim
souvent I-Claim
associée I-Claim
à I-Claim
des I-Claim
symptômes I-Claim
d' I-Claim
hypothyroïdie I-Claim
et I-Claim
à I-Claim
une I-Claim
altération I-Claim
de I-Claim
la I-Claim
qualité I-Claim
de I-Claim
vie. I-Claim

La B-Claim
faible I-Claim
dose I-Claim
de I-Claim
CDDP I-Claim
a I-Claim
amélioré I-Claim
le I-Claim
taux I-Claim
de I-Claim
réponse I-Claim
tout I-Claim
en I-Claim
maintenant I-Claim
la I-Claim
toxicité I-Claim
dans I-Claim
des I-Claim
limites I-Claim
cliniquement I-Claim
acceptables. I-Claim

Le B-Claim
régime I-Claim
TOM I-Claim
+ I-Claim
LFA I-Claim
5-FU I-Claim
a I-Claim
montré I-Claim
un I-Claim
RR I-Claim
et I-Claim
un I-Claim
profil I-Claim
de I-Claim
toxicité I-Claim
très I-Claim
proches I-Claim
de I-Claim
la I-Claim
combinaison I-Claim
MTX I-Claim
+ I-Claim
LFA I-Claim
5-FU, I-Claim
et I-Claim
ne I-Claim
mérite I-Claim
pas I-Claim
d' I-Claim
évaluation I-Claim
supplémentaire I-Claim
chez I-Claim
les I-Claim
patients I-Claim
atteints I-Claim
d' I-Claim
un I-Claim
cancer I-Claim
colorectal I-Claim
avancé. I-Claim

Il B-Claim
existe I-Claim
peu I-Claim
de I-Claim
preuves I-Claim
de I-Claim
haut I-Claim
niveau I-Claim
sur I-Claim
des I-Claim
interventions I-Claim
potentiellement I-Claim
utiles I-Claim
et I-Claim
un I-Claim
besoin I-Claim
continu I-Claim
de I-Claim
recherches I-Claim
nouvelles I-Claim
et I-Claim
innovantes, I-Claim
intégrant I-Claim
des I-Claim
mesures I-Claim
de I-Claim
la I-Claim
qualité I-Claim
de I-Claim
vie, I-Claim
chez I-Claim
les I-Claim
patients I-Claim
souffrant I-Claim
de I-Claim
mucosite I-Claim
induite I-Claim
par I-Claim
les I-Claim
rayonnements. I-Claim

La B-Claim
LLLT I-Claim
a I-Claim
été I-Claim
efficace I-Claim
pour I-Claim
améliorer I-Claim
l' I-Claim
expérience I-Claim
subjective I-Claim
de I-Claim
l' I-Claim
OM I-Claim
et I-Claim
de I-Claim
la I-Claim
QOL I-Claim
chez I-Claim
les I-Claim
patients I-Claim
HNC I-Claim
recevant I-Claim
une I-Claim
TCR. I-Claim

L' B-Claim
efficacité I-Claim
et I-Claim
la I-Claim
sécurité I-Claim
de I-Claim
l' I-Claim
embolisation I-Claim
de I-Claim
l' I-Claim
artère I-Claim
utérine, I-Claim
par I-Claim
rapport I-Claim
aux I-Claim
méthodes I-Claim
chirurgicales I-Claim
standard, I-Claim
pour I-Claim
le I-Claim
traitement I-Claim
des I-Claim
fibromes I-Claim
utérins I-Claim
symptomatiques I-Claim
restent I-Claim
incertaines. I-Claim

Le B-Claim
bevacizumab, I-Claim
un I-Claim
anticorps I-Claim
monoclonal I-Claim
humanisé I-Claim
contre I-Claim
le I-Claim
facteur I-Claim
de I-Claim
croissance I-Claim
endothélial I-Claim
vasculaire I-Claim
(VEGF), I-Claim
s' I-Claim
est I-Claim
avéré I-Claim
efficace I-Claim
pour I-Claim
supprimer I-Claim
l' I-Claim
accumulation I-Claim
de I-Claim
liquide I-Claim
pleural. I-Claim

Nos B-Claim
résultats I-Claim
n' I-Claim
ont I-Claim
montré I-Claim
aucune I-Claim
preuve I-Claim
d' I-Claim
un I-Claim
bénéfice I-Claim
pour I-Claim
la I-Claim
survie I-Claim
avec I-Claim
un I-Claim
traitement I-Claim
précoce I-Claim
de I-Claim
la I-Claim
rechute I-Claim
sur I-Claim
la I-Claim
base I-Claim
d' I-Claim
une I-Claim
concentration I-Claim
élevée I-Claim
de I-Claim
CA125 I-Claim
seule, I-Claim
et B-Claim
donc I-Claim
la I-Claim
valeur I-Claim
de I-Claim
la I-Claim
mesure I-Claim
de I-Claim
routine I-Claim
de I-Claim
CA125 I-Claim
dans I-Claim
le I-Claim
suivi I-Claim
des I-Claim
patients I-Claim
atteints I-Claim
de I-Claim
cancer I-Claim
de I-Claim
l' I-Claim
ovaire I-Claim
qui I-Claim
obtiennent I-Claim
une I-Claim
réponse I-Claim
complète I-Claim
après I-Claim
le I-Claim
traitement I-Claim
de I-Claim
première I-Claim
ligne I-Claim
n' I-Claim
est I-Claim
pas I-Claim
prouvée. I-Claim

Les B-Claim
opioïdes I-Claim
forts I-Claim
étaient I-Claim
sûrs I-Claim
et I-Claim
bien I-Claim
tolérés, I-Claim
sans I-Claim
développement I-Claim
de I-Claim
tolérance I-Claim
ou I-Claim
d' I-Claim
effets I-Claim
indésirables I-Claim
graves. I-Claim

Cependant, B-Claim
il I-Claim
n' I-Claim
a I-Claim
apporté I-Claim
aucune I-Claim
amélioration I-Claim
de I-Claim
la I-Claim
SPF I-Claim
ou I-Claim
de I-Claim
l' I-Claim
OS I-Claim
par I-Claim
rapport I-Claim
à I-Claim
un I-Claim
dosage I-Claim
fixe. I-Claim

Chez B-Claim
les I-Claim
patients I-Claim
atteints I-Claim
de I-Claim
foie I-Claim
polykystique, I-Claim
6 I-Claim
mois I-Claim
de I-Claim
traitement I-Claim
par I-Claim
lanréotide I-Claim
réduisent I-Claim
le I-Claim
volume I-Claim
du I-Claim
foie. I-Claim

Alors O
que O
l' B-Claim
efficacité I-Claim
à I-Claim
court I-Claim
terme I-Claim
du I-Claim
degarelix I-Claim
et I-Claim
de I-Claim
la I-Claim
goséréline I-Claim
+ I-Claim
bicalutamide I-Claim
était I-Claim
la I-Claim
même I-Claim
en I-Claim
termes I-Claim
de I-Claim
réduction I-Claim
de I-Claim
la I-Claim
VPT, I-Claim
le B-Claim
degarelix I-Claim
a I-Claim
montré I-Claim
une I-Claim
supériorité I-Claim
dans I-Claim
le I-Claim
soulagement I-Claim
des I-Claim
LUTS I-Claim
chez I-Claim
les I-Claim
patients I-Claim
symptomatiques, I-Claim
ce I-Claim
qui I-Claim
pourrait I-Claim
mettre I-Claim
en I-Claim
évidence I-Claim
les I-Claim
différentes I-Claim
actions I-Claim
de I-Claim
ces I-Claim
médicaments I-Claim
sur I-Claim
les I-Claim
récepteurs I-Claim
extrapituitaires I-Claim
de I-Claim
l' I-Claim
hormone I-Claim
libératrice I-Claim
de I-Claim
gonadotrophines I-Claim
(GnRH) I-Claim
dans I-Claim
la I-Claim
vessie I-Claim
et/ I-Claim
ou I-Claim
la I-Claim
prostate. I-Claim

L' B-Claim
incidence I-Claim
et I-Claim
le I-Claim
développement I-Claim
du I-Claim
cancer I-Claim
sont I-Claim
étroitement I-Claim
liés I-Claim
au I-Claim
dysfonctionnement I-Claim
de I-Claim
la I-Claim
fonction I-Claim
immunitaire. I-Claim

À B-Claim
la I-Claim
fin I-Claim
du I-Claim
traitement I-Claim
primaire I-Claim
pour I-Claim
le I-Claim
cancer I-Claim
du I-Claim
sein, I-Claim
les I-Claim
femmes I-Claim
de I-Claim
tous I-Claim
les I-Claim
groupes I-Claim
de I-Claim
traitement I-Claim
ont I-Claim
rapporté I-Claim
un I-Claim
bon I-Claim
fonctionnement I-Claim
émotionnel I-Claim
mais I-Claim
une I-Claim
diminution I-Claim
du I-Claim
fonctionnement I-Claim
physique, I-Claim
en I-Claim
particulier I-Claim
chez I-Claim
les I-Claim
femmes I-Claim
qui I-Claim
ont I-Claim
subi I-Claim
une I-Claim
mastectomie I-Claim
ou I-Claim
qui I-Claim
ont I-Claim
reçu I-Claim
une I-Claim
chimiothérapie. I-Claim

Malgré B-Claim
le I-Claim
petit I-Claim
nombre, I-Claim
la I-Claim
taille I-Claim
de I-Claim
l' I-Claim
effet I-Claim
principal I-Claim
était I-Claim
robuste. I-Claim

L' B-Claim
IMRT I-Claim
mammaire I-Claim
a I-Claim
considérablement I-Claim
réduit I-Claim
la I-Claim
survenue I-Claim
d' I-Claim
une I-Claim
desquamation I-Claim
humide I-Claim
par I-Claim
rapport I-Claim
à I-Claim
une I-Claim
technique I-Claim
standard I-Claim
en I-Claim
coin. I-Claim

L' B-Claim
intervention I-Claim
psychosociale I-Claim
est I-Claim
une I-Claim
approche I-Claim
rentable I-Claim
qui I-Claim
peut I-Claim
améliorer I-Claim
l' I-Claim
humeur I-Claim
et I-Claim
la I-Claim
qualité I-Claim
de I-Claim
vie I-Claim
d' I-Claim
un I-Claim
patient I-Claim
pendant I-Claim
et I-Claim
après I-Claim
la I-Claim
RT. I-Claim

Il B-Claim
n' I-Claim
y I-Claim
avait I-Claim
aucune I-Claim
différence I-Claim
de I-Claim
toxicité I-Claim
aiguë I-Claim
entre I-Claim
les I-Claim
deux I-Claim
groupes. I-Claim

Les B-Claim
résultats I-Claim
de I-Claim
cet I-Claim
essai I-Claim
indiquent I-Claim
que I-Claim
les I-Claim
effets I-Claim
négatifs I-Claim
de I-Claim
la I-Claim
chimiothérapie I-Claim
adjuvante I-Claim
sur I-Claim
la I-Claim
QOL I-Claim
semblent I-Claim
être I-Claim
temporaires I-Claim
et I-Claim
que I-Claim
des I-Claim
améliorations I-Claim
(avec I-Claim
un I-Claim
retour I-Claim
à I-Claim
la I-Claim
fonction I-Claim
initiale) I-Claim
sont I-Claim
probables I-Claim
chez I-Claim
la I-Claim
plupart I-Claim
des I-Claim
patients. I-Claim

La B-Claim
doxifluridine I-Claim
orale I-Claim
associée I-Claim
à I-Claim
la I-Claim
leucovorine I-Claim
présente I-Claim
une I-Claim
efficacité I-Claim
thérapeutique I-Claim
comparable I-Claim
au I-Claim
traitement I-Claim
intraveineux I-Claim
par I-Claim
5-FU I-Claim
avec I-Claim
une I-Claim
qualité I-Claim
de I-Claim
vie I-Claim
élevée I-Claim
en I-Claim
tant I-Claim
que I-Claim
thérapie I-Claim
adjuvante I-Claim
postopératoire. I-Claim

Compte B-Claim
tenu I-Claim
de I-Claim
l'effet I-Claim
négatif I-Claim
de I-Claim
CRA/IFN/TAX I-Claim
sur I-Claim
la I-Claim
QOL, I-Claim
l'étude I-Claim
d'autres I-Claim
nouveaux I-Claim
agents I-Claim
qui I-Claim
ciblent I-Claim
les I-Claim
protéines I-Claim
de I-Claim
la I-Claim
famille I-Claim
Bcl-2 I-Claim
est I-Claim
justifiée. I-Claim

L' B-Claim
état I-Claim
de I-Claim
santé I-Claim
global I-Claim
a I-Claim
montré I-Claim
une I-Claim
amélioration I-Claim
similaire I-Claim
dans I-Claim
les I-Claim
deux I-Claim
bras I-Claim
pendant I-Claim
le I-Claim
traitement. I-Claim

Les B-Claim
patients I-Claim
atteints I-Claim
d'un I-Claim
cancer I-Claim
du I-Claim
poumon I-Claim
non I-Claim
à I-Claim
petites I-Claim
cellules I-Claim
(PNPCP) I-Claim
avancé I-Claim
n'ont I-Claim
pas I-Claim
d'options I-Claim
de I-Claim
traitement I-Claim
curatif; I-Claim
par O
conséquent, O
les O
traitements O
devraient O
prolonger O
la O
survie O
et O
améliorer O
la O
qualité O
de O
vie O
(QoL). O

