Analogamente, B-Premise
i I-Premise
punteggi I-Premise
ASES I-Premise
sono I-Premise
migliorati I-Premise
significativamente I-Premise
(p=0,001 I-Premise
) I-Premise
sia I-Premise
nel I-Premise
gruppo I-Premise
I I-Premise
che I-Premise
nel I-Premise
gruppo I-Premise
II, I-Premise
senza I-Premise
alcuna I-Premise
differenza I-Premise
significativa I-Premise
tra I-Premise
i I-Premise
gruppi. I-Premise

Coerentemente O
con O
l' O
analisi O
di O
2 O
anni, O
ci O
sono O
state O
differenze O
tra O
i O
gruppi O
di O
trattamento O
per O
quanto O
riguarda O
gli O
effetti O
indesiderati O
segnalati O
dai O
pazienti: O
diarrea O
(anastrozolo O
3,1% O
contro O
tamoxifene O
1,3%), O
secchezza O
vaginale O
(18,5% O
contro O
9,1%), O
diminuzione O
della O
libido O
(34,0% O
contro O
26,1%) O
e O
dispareunia O
(17,3% O
contro O
8,1%) O
erano O
significativamente O
più O
frequenti O
con O
anastrozolo O
rispetto O
a O
tamoxifene. O

I O
punteggi O
di O
utilità O
sono O
stati O
valutati O
utilizzando O
lo O
strumento O
EQ-5D O
al O
punto O
di O
partenza O
";" O
cicli O
3, O
5 O
e O
7 O
";" O
7 O
mesi O
";" O
e O
1 O
anno. O

I O
test O
statistici O
erano O
a O
doppio O
senso. O

Il B-Premise
beneficio I-Premise
aggiunto I-Premise
della I-Premise
CMF I-Premise
seguita I-Premise
da I-Premise
tamoxifene I-Premise
rispetto I-Premise
al I-Premise
tamoxifene I-Premise
da I-Premise
solo I-Premise
era I-Premise
statisticamente I-Premise
significativamente I-Premise
dipendente I-Premise
dallo I-Premise
stato I-Premise
di I-Premise
ER I-Premise
(prove I-Premise
di I-Premise
interazione: I-Premise
P I-Premise
= I-Premise
0,01 I-Premise
per I-Premise
la I-Premise
sopravvivenza I-Premise
libera I-Premise
da I-Premise
malattia I-Premise
[DFS] I-Premise
e I-Premise
P I-Premise
= I-Premise
0,07 I-Premise
per I-Premise
la I-Premise
sopravvivenza I-Premise
complessiva I-Premise
[OS]). I-Premise

Lo O
scopo O
di O
questo O
studio O
multicentrico O
randomizzato O
era O
quello O
di O
valutare O
l' O
efficacia O
e O
la O
sicurezza O
della O
biopsia O
dei O
linfonodi O
sentinella O
(SLN) O
rispetto O
alla O
dissezione O
dei O
linfonodi O
ascellari O
(ALND). O

Al O
termine O
del O
PMP, O
i O
punteggi O
del O
dolore O
sono O
stati O
significativamente O
ridotti O
in O
entrambi O
i O
gruppi, O
tuttavia O
i O
pazienti O
del O
gruppo O
sperimentale O
hanno O
mostrato O
un O
aumento O
significativo O
nell' O
uso O
di O
analgesici O
PRN O
e O
strategie O
non O
farmacologiche O
per O
alleviare O
il O
dolore O
(P O
<.05 O
) O
e O
ridurre O
significativamente O
le O
barriere O
alla O
gestione O
del O
dolore O
del O
cancro O
(P O
<.05 O
) O
rispetto O
al O
gruppo O
di O
controllo. O

Lo B-Claim
studio I-Claim
TAX I-Claim
326 I-Claim
mostra I-Claim
che I-Claim
i I-Claim
regimi I-Claim
di I-Claim
docetaxel-platino I-Claim
alleviano I-Claim
i I-Claim
sintomi I-Claim
e I-Claim
migliorano I-Claim
la I-Claim
qualità I-Claim
della I-Claim
vita I-Claim
nei I-Claim
pazienti I-Claim
con I-Claim
NSCLC I-Claim
avanzato. I-Claim

Inoltre, B-Premise
i I-Premise
pazienti I-Premise
che I-Premise
hanno I-Premise
iniziato I-Premise
a I-Premise
prendere I-Premise
oppioidi I-Premise
forti I-Premise
hanno I-Premise
richiesto I-Premise
significativamente I-Premise
meno I-Premise
cambiamenti I-Premise
nella I-Premise
terapia, I-Premise
hanno I-Premise
avuto I-Premise
una I-Premise
maggiore I-Premise
riduzione I-Premise
del I-Premise
dolore I-Premise
quando I-Premise
un I-Premise
cambiamento I-Premise
è I-Premise
stato I-Premise
avviato I-Premise
e I-Premise
hanno I-Premise
riportato I-Premise
una I-Premise
maggiore I-Premise
soddisfazione I-Premise
del I-Premise
trattamento I-Premise
rispetto I-Premise
al I-Premise
gruppo I-Premise
di I-Premise
confronto I-Premise
(P I-Premise
= I-Premise
0,041). I-Premise

per O
infusione O
e O
5-FU, O
1050 O
mg/ O
m2 O
per O
via O
endovenosa. O

Dei O
168 O
partecipanti O
all' O
indagine, O
il O
60,7% O
aveva O
BT O
(il O
9,5% O
assegnato O
in O
modo O
casuale) O
e O
il O
39,3% O
aveva O
RP O
(il O
9,5% O
assegnato O
in O
modo O
casuale). O

L' O
assunzione O
di O
cibo O
e'migliorata O
piu'rapidamente O
dopo O
l' O
inserimento O
dello O
stent O
che O
dopo O
la O
GJJ, O
ma O
il O
sollievo O
a O
lungo O
termine O
dei O
sintomi O
ostruttivi O
e'stato O
migliore O
dopo O
la O
GJJ. O

I B-Premise
pazienti I-Premise
nel I-Premise
braccio I-Premise
PCDE I-Premise
sono I-Premise
sopravvissuti I-Premise
più I-Premise
a I-Premise
lungo I-Premise
rispetto I-Premise
a I-Premise
quelli I-Premise
nel I-Premise
braccio I-Premise
EP I-Premise
(tasso I-Premise
di I-Premise
sopravvivenza I-Premise
a I-Premise
1 I-Premise
anno: I-Premise
rispettivamente I-Premise
40% I-Premise
e I-Premise
29% I-Premise
"; I-Premise
" I-Premise
sopravvivenza I-Premise
mediana: I-Premise
rispettivamente I-Premise
10,5 I-Premise
e I-Premise
9,3 I-Premise
mesi I-Premise
"; I-Premise
" I-Premise
log-rank I-Premise
P I-Premise
= I-Premise
0,0067). I-Premise

Lo O
studio O
è O
stato O
condotto O
da O
un O
gruppo O
cooperativo O
multi-istituzionale O
in O
pazienti O
con O
NSCLC O
di O
stadio O
IIIB O
a O
IV O
mai O
trattati O
con O
chemioterapia, O
randomizzati O
a O
ricevere O
paclitaxel O
più O
cisplatino O
o O
etoposide O
più O
cisplatino. O

Circa O
il O
38% O
dei O
pazienti O
trattati O
con O
4 O
mg O
di O
acido O
zoledronico, O
il O
28% O
con O
8/4 O
mg O
di O
acido O
zoledronico O
e O
il O
31% O
con O
placebo O
hanno O
completato O
lo O
studio. O

Anche O
gli O
endpoint O
secondari O
non O
erano O
significativamente O
diversi O
tra O
i O
bracci. O

Questo B-Claim
studio I-Claim
dimostra I-Claim
la I-Claim
fattibilità I-Claim
e I-Claim
l' I-Claim
efficacia I-Claim
di I-Claim
un I-Claim
intervento I-Claim
psico-educativo, I-Claim
che I-Claim
può I-Claim
accelerare I-Claim
la I-Claim
riduzione I-Claim
di I-Claim
quegli I-Claim
effetti I-Claim
negativi I-Claim
che I-Claim
sono I-Claim
presenti I-Claim
alla I-Claim
fine I-Claim
del I-Claim
trattamento. I-Claim

Trentanove O
pazienti O
sono O
stati O
assegnati O
in O
modo O
casuale O
a O
CONNECT O
e O
36 O
a O
cure O
abituali. O

È O
stata O
valutata O
anche O
la O
variazione O
del O
Glasgow O
Prognostic O
Score O
(GPS) O
durante O
il O
trattamento. O

I O
criteri O
di O
ammissibilità O
includevano O
un O
mRCC O
dimostrato O
istologicamente O
con O
una O
malattia O
misurabile, O
il O
fallimento O
di O
un O
precedente O
regime O
di O
citochine O
e O
un O
buon O
stato O
di O
prestazioni. O

Negli O
studi O
di O
terapia O
endocrina O
nel O
carcinoma O
mammario O
avanzato, O
i O
pazienti O
con O
risposta O
(risposta O
completa/ O
risposta O
parziale O
[CR/ O
PR]) O
e O
i O
pazienti O
con O
malattia O
stabile O
da O
almeno O
6 O
mesi O
(SD O
(6m)) O
hanno O
mostrato O
una O
sopravvivenza O
simile O
e O
sono O
quindi O
spesso O
definiti O
come O
una O
popolazione O
con O
beneficio O
clinico O
(pazienti O
con O
CR/ O
PR O
o O
SD O
(6m)). O

I O
pazienti O
hanno O
compilato O
questionari O
prima O
e O
dopo O
la O
visita O
e O
sono O
stati O
intervistati O
per O
telefono O
a O
2, O
6 O
e O
12 O
settimane. O

Sessanta O
pazienti O
sono O
stati O
assegnati O
in O
modo O
casuale O
a O
due O
gruppi O
per O
tabella O
digitale, O
il O
gruppo O
di O
controllo O
e O
il O
gruppo O
di O
trattamento, O
30 O
in O
ogni O
gruppo. O

Nell' O
intera O
popolazione O
di O
pazienti, O
la O
sopravvivenza O
è O
stata O
significativamente O
più O
elevata O
nei O
pazienti O
con O
un O
PS O
di O
0- O
1 O
(P O
< O
0,05). O

Centootto O
pazienti O
oncologici, O
che O
non O
rispondevano O
più O
agli O
oppioidi O
per O
il O
dolore O
moderato, O
sono O
stati O
selezionati O
in O
modo O
casuale O
per O
ricevere O
dosi O
giornaliere O
iniziali O
di O
60 O
mg O
di O
morfina O
orale O
a O
rilascio O
prolungato, O
15 O
mg O
di O
metadone O
orale O
o O
0,6 O
mg O
(25 O
microg O
/ O
h) O
di O
fentanyl O
transdermico. O

L' O
analisi O
dell' O
endpoint O
primario O
è O
stata O
effettuata O
con O
l' O
intenzione O
di O
trattare O
modificata. O

Tuttavia, B-Claim
le I-Claim
auto-valutazioni I-Claim
dei I-Claim
pazienti I-Claim
hanno I-Claim
suggerito I-Claim
un I-Claim
possibile I-Claim
vantaggio I-Claim
per I-Claim
l' I-Claim
AM I-Claim
che I-Claim
viene I-Claim
esplorato I-Claim
con I-Claim
strategie I-Claim
di I-Claim
dosaggio I-Claim
modificate. I-Claim

Il B-Premise
tempo I-Premise
operativo I-Premise
è I-Premise
stato I-Premise
di I-Premise
53 I-Premise
minuti I-Premise
in I-Premise
più I-Premise
nel I-Premise
gruppo I-Premise
laparoscopico I-Premise
(P I-Premise
< I-Premise
0,0001). I-Premise

Modifiche B-Premise
della I-Premise
dose I-Premise
per I-Premise
tossicità I-Premise
muscolo-scheletrica I-Premise
sono I-Premise
state I-Premise
richieste I-Premise
in I-Premise
90 I-Premise
pazienti I-Premise
(il I-Premise
33%) I-Premise
nel I-Premise
braccio I-Premise
con I-Premise
marimastat, I-Premise
e I-Premise
87 I-Premise
(il I-Premise
32%) I-Premise
hanno I-Premise
interrotto I-Premise
definitivamente I-Premise
il I-Premise
trattamento I-Premise
con I-Premise
marimastat I-Premise
a I-Premise
causa I-Premise
della I-Premise
tossicità. I-Premise

I O
pazienti O
sono O
stati O
assegnati O
in O
modo O
casuale O
a O
una O
dose O
iniziale O
di O
sunitinib O
di O
37,5 O
mg/ O
die O
al O
mattino O
(AM) O
o O
alla O
sera O
(PM). O

Tra O
il O
5 O
maggio O
2009 O
e O
il O
27 O
agosto O
2010, O
96 O
donne O
sono O
state O
assegnate O
in O
modo O
casuale O
a O
un O
gruppo O
di O
terapia O
cognitivo-comportamentale O
(CBT) O
(n O
= O
47) O
o O
di O
cura O
abituale O
(n O
= O
49). O

I B-Claim
genotipi I-Claim
degli I-Claim
enzimi I-Claim
correlati I-Claim
al I-Claim
glutatione, I-Claim
specialmente I-Claim
il I-Claim
GCLC, I-Claim
possono I-Claim
essere I-Claim
usati I-Claim
come I-Claim
fattori I-Claim
ospiti I-Claim
per I-Claim
predire I-Claim
la I-Claim
sopravvivenza I-Claim
dei I-Claim
pazienti I-Claim
dopo I-Claim
la I-Claim
chemioterapia I-Claim
a I-Claim
base I-Claim
di I-Claim
platino. I-Claim

La B-Premise
salute I-Premise
mentale I-Premise
è I-Premise
migliorata, I-Premise
anche I-Premise
se I-Premise
non I-Premise
in I-Premise
modo I-Premise
significativo, I-Premise
per I-Premise
tutti I-Premise
i I-Premise
soggetti I-Premise
(P I-Premise
= I-Premise
0,019). I-Premise

La O
sofferenza O
sintomatica O
era O
significativamente O
peggiore O
per O
il O
braccio O
RP O
+ O
RT O
rispetto O
al O
braccio O
RP O
da O
solo, O
ma O
i O
bracci O
di O
trattamento O
non O
differivano O
rispetto O
ad O
altre O
misure O
generali O
di O
HRQL. O

La B-Claim
talidomide, I-Claim
che I-Claim
e'un I-Claim
inibitore I-Claim
della I-Claim
sintesi I-Claim
del I-Claim
TNF-alfa, I-Claim
potrebbe I-Claim
rappresentare I-Claim
un I-Claim
approccio I-Claim
nuovo I-Claim
e I-Claim
razionale I-Claim
al I-Claim
trattamento I-Claim
della I-Claim
cachexia I-Claim
del I-Claim
cancro. I-Claim

L' O
obiettivo O
principale O
dello O
studio O
era O
determinare O
i O
benefici O
degli O
interventi O
psicosociali O
per O
i O
malati O
di O
cancro O
che O
hanno O
ricevuto O
RT. O

C' B-Premise
è I-Premise
stato I-Premise
un I-Premise
significativo I-Premise
abbandono I-Premise
precoce I-Premise
dovuto I-Premise
alla I-Premise
progressione I-Premise
della I-Premise
malattia; I-Premise
solo I-Premise
il I-Premise
61,5% I-Premise
dei I-Premise
pazienti I-Premise
era I-Premise
vivo I-Premise
a I-Premise
2 I-Premise
mesi. I-Premise

Non B-Premise
sono I-Premise
state I-Premise
osservate I-Premise
differenze I-Premise
significative I-Premise
tra I-Premise
i I-Premise
gruppi I-Premise
per I-Premise
quanto I-Premise
riguarda I-Premise
la I-Premise
fatica, I-Premise
la I-Premise
qualità I-Premise
della I-Premise
vita I-Premise
o I-Premise
il I-Premise
disagio I-Premise
psicologico. I-Premise

L' B-Claim
insonnia I-Claim
e'una I-Claim
lamentela I-Claim
comune I-Claim
tra I-Claim
i I-Claim
sopravvissuti I-Claim
al I-Claim
cancro. I-Claim

97 O
pazienti O
a O
cui O
era O
stata O
offerta O
una O
terapia O
ambulatoriale O
contro O
il O
cancro O
sono O
stati O
assegnati O
in O
modo O
casuale O
a O
un O
trattamento O
somministrato O
in O
un O
reparto O
diurno O
dell' O
ospedale, O
a O
casa O
del O
paziente O
o O
in O
un O
ambulatorio O
di O
medicina O
generale O
locale. O

Tra B-Claim
i I-Claim
pazienti I-Claim
con I-Claim
neuropatia I-Claim
periferica I-Claim
indotta I-Claim
da I-Claim
chemioterapia I-Claim
dolorosa, I-Claim
l' I-Claim
uso I-Claim
di I-Claim
duloxetina I-Claim
rispetto I-Claim
al I-Claim
placebo I-Claim
per I-Claim
5 I-Claim
settimane I-Claim
ha I-Claim
comportato I-Claim
una I-Claim
maggiore I-Claim
riduzione I-Claim
del I-Claim
dolore. I-Claim

Abbiamo O
usato O
un O
modello O
randomizzato O
di O
fase O
II O
per O
valutare O
e O
confrontare O
due O
di O
questi O
regimi. O

La B-Claim
somministrazione I-Claim
intraperitoneale I-Claim
limita I-Claim
la I-Claim
cardiotossicità I-Claim
del I-Claim
verapamil. I-Claim

La O
riabilitazione O
mira O
ad O
affrontare O
questi O
bisogni, O
massimizzare O
le O
funzioni O
psicologiche O
e O
fisiche, O
e O
permettere O
una O
dipendenza O
minima O
indipendentemente O
dall' O
aspettativa O
di O
vita. O

Tutte O
le O
strutture, O
compreso O
l' O
IUS O
e O
l' O
EUS, O
sono O
state O
rilevate O
sulla O
risonanza O
magnetica O
ponderata O
T2 O
al O
giorno O
30 O
e O
le O
dosi O
ricevute O
sono O
state O
calcolate O
dall' O
identificazione O
dei O
semi O
sulla O
TC. O
Per O
le O
analisi O
statistiche O
è O
stato O
utilizzato O
il O
coefficiente O
di O
correlazione O
di O
rango O
di O
Spearman O
(non O
parametrico) O
(ρ). O

Uno O
studio O
randomizzato, O
in O
doppio O
cieco, O
controllato O
con O
placebo O
su O
8 O
reti O
di O
ricerca O
cooperative O
finanziate O
dal O
National O
Cancer O
Institute O
(NCI) O
che O
hanno O
arruolato O
231 O
pazienti O
di O
25 O
anni O
o O
più O
che O
sono O
stati O
trattati O
in O
ambienti O
comunitari O
e O
accademici O
tra O
aprile O
2008 O
e O
marzo O
2011. O

I B-Premise
pazienti I-Premise
che I-Premise
hanno I-Premise
ricevuto I-Premise
l' I-Premise
intervento I-Premise
hanno I-Premise
dimostrato I-Premise
un I-Premise
miglioramento I-Premise
statisticamente I-Premise
significativo I-Premise
(P I-Premise
= I-Premise
0, I-Premise
0004) I-Premise
dei I-Premise
sintomi I-Premise
della I-Premise
menopausa, I-Premise
ma I-Premise
nessun I-Premise
cambiamento I-Premise
significativo I-Premise
della I-Premise
vitalità I-Premise
(P I-Premise
= I-Premise
0, I-Premise
77). I-Premise

La O
terapia O
di O
mantenimento O
con O
pemetrexed O
ha O
migliorato O
significativamente O
la O
sopravvivenza O
globale O
e O
la O
sopravvivenza O
libera O
da O
progressione O
rispetto O
al O
placebo O
e O
ha O
mostrato O
un O
buon O
profilo O
di O
sicurezza O
in O
uno O
studio O
di O
fase O
3 O
controllato O
con O
placebo O
in O
pazienti O
con O
carcinoma O
polmonare O
non O
a O
piccole O
cellule O
avanzato O
(NSCLC). O

Nel B-Premise
gruppo I-Premise
ossicodone/paracetamolo, I-Premise
il I-Premise
67% I-Premise
ha I-Premise
valutato I-Premise
il I-Premise
GI I-Premise
come I-Premise
buono, I-Premise
molto I-Premise
buono I-Premise
o I-Premise
eccellente. I-Premise

L' B-Premise
analisi I-Premise
multivariata I-Premise
di I-Premise
Cox I-Premise
ha I-Premise
mostrato I-Premise
che I-Premise
paclitaxel I-Premise
più I-Premise
cure I-Premise
di I-Premise
supporto I-Premise
sono I-Premise
stati I-Premise
statisticamente I-Premise
significativamente I-Premise
associati I-Premise
a I-Premise
un I-Premise
miglioramento I-Premise
della I-Premise
sopravvivenza I-Premise
(P I-Premise
bilaterale I-Premise
= I-Premise
0,048). I-Premise

Gli O
esiti O
includevano O
la O
sicurezza O
e O
la O
tolleranza O
del O
programma O
di O
esercizi, O
la O
funzione O
fisica, O
il O
livello O
di O
attività O
fisica, O
la O
composizione O
corporea, O
la O
fatica, O
la O
qualità O
della O
vita O
e O
lo O
stress O
psicologico. O

Tuttavia, O
c' O
è O
un' O
ampia O
eterogeneità O
nell' O
impatto O
clinico O
dell' O
ipotiroidismo. O

Pertanto, O
il O
tasso O
di O
efficacia O
era O
significativamente O
più O
elevato O
nel O
gruppo O
di O
trattamento O
combinato O
(85,36%); O
p O
< O
0,05 O
rispetto O
al O
gruppo O
di O
controllo). O

E'stato O
condotto O
uno O
studio O
randomizzato O
di O
fase O
III O
per O
stabilire O
il O
trattamento O
piu'efficace O
e O
sicuro O
per O
migliorare O
i O
sintomi O
chiave O
nei O
pazienti O
con O
cancro O
ginecologico O
avanzato, O
vale O
a O
dire, O
la O
massa O
magra O
corporea O
(LBM), O
il O
dispendio O
energetico O
a O
riposo O
(REE), O
la O
fatica O
e O
la O
qualità O
della O
vita. O

Tuttavia, B-Premise
l' I-Premise
entità I-Premise
di I-Premise
questa I-Premise
differenza I-Premise
non I-Premise
è I-Premise
stata I-Premise
utile I-Premise
per I-Premise
definire I-Premise
quali I-Premise
pazienti I-Premise
avrebbero I-Premise
probabilmente I-Premise
risposto. I-Premise

Il B-Premise
tempo I-Premise
fino I-Premise
al I-Premise
5% I-Premise
di I-Premise
deterioramento I-Premise
dello I-Premise
stato I-Premise
di I-Premise
salute I-Premise
globale I-Premise
(end I-Premise
point I-Premise
primario) I-Premise
ha I-Premise
favorito I-Premise
significativamente I-Premise
la I-Premise
DCF I-Premise
rispetto I-Premise
alla I-Premise
CF I-Premise
(test I-Premise
log-rank, I-Premise
P I-Premise
=. I-Premise

I O
pazienti O
hanno O
completato O
gli O
indicatori O
di O
QL O
all' O
inizio O
e O
a O
1, O
3, O
5, O
7, O
9 O
e O
11 O
mesi. O

Le B-Premise
analisi I-Premise
longitudinali I-Premise
hanno I-Premise
replicato I-Premise
questi I-Premise
risultati. I-Premise

Le O
donne O
del O
gruppo O
di O
scrittura O
hanno O
scritto O
per O
20 O
minuti O
in O
quattro O
giorni O
consecutivi. O

La O
scala O
HRQOL O
primaria O
era O
HRQOL O
globale O
per O
protocollo. O

I O
trattamenti O
sono O
associati O
alla O
morbilità. O

In B-Claim
conclusione, I-Claim
la I-Claim
chemioterapia I-Claim
palliativa I-Claim
con I-Claim
carboplatino I-Claim
e I-Claim
vinorelbina I-Claim
oltre I-Claim
tre I-Claim
cicli I-Claim
non I-Claim
porta I-Claim
a I-Claim
sopravvivenza I-Claim
o I-Claim
benefici I-Claim
di I-Claim
QoL I-Claim
coerenti I-Claim
nel I-Claim
NSCLC I-Claim
avanzato. I-Claim

I B-Claim
responsabili I-Claim
politici I-Claim
dovrebbero I-Claim
considerare I-Claim
l' I-Claim
inclusione I-Claim
di I-Claim
opportunità I-Claim
di I-Claim
esercizio I-Claim
fisico I-Claim
nei I-Claim
servizi I-Claim
di I-Claim
riabilitazione I-Claim
per I-Claim
il I-Claim
cancro. I-Claim

Diversi O
domini O
QOL O
generali O
(funzionamento O
emotivo, O
funzionamento O
del O
ruolo, O
contatto O
sociale) O
così O
come O
quelli O
specifici O
per O
il O
cancro O
della O
testa O
e O
del O
collo O
(bocca O
secca, O
bocca O
aperta, O
saliva O
appiccicosa, O
dolore, O
sensi) O
sono O
stati O
meglio O
conservati O
con O
IMRT O
rispetto O
alla O
3D-CRT O
in O
diversi O
punti O
temporali. O

Raccogliere O
regolarmente O
i O
risultati O
riportati O
dai O
pazienti O
(PRO) O
della O
qualità O
della O
vita O
correlata O
alla O
salute O
con O
feedback O
agli O
oncologi O
può O
aiutare O
a O
scoprire O
e O
monitorare O
i O
problemi O
dei O
pazienti O
durante O
il O
trattamento O
del O
cancro. O

Non B-Premise
abbiamo I-Premise
trovato I-Premise
differenze I-Premise
tra I-Premise
i I-Premise
due I-Premise
gruppi I-Premise
per I-Premise
quanto I-Premise
riguarda I-Premise
l' I-Premise
ARSR. I-Premise

La O
frequenza O
delle O
vampate O
di O
calore O
è O
stata O
valutata O
all' O
inizio O
del O
trattamento, O
a O
6 O
settimane O
e O
a O
6 O
mesi O
dall' O
inizio O
del O
trattamento. O

Qui, O
riportiamo O
un' O
analisi O
aggiornata O
della O
sopravvivenza. O

La O
terapia O
monoterapia O
con O
bicalutamide, O
un O
antiandrogeno O
non O
steroideo, O
è O
stata O
confrontata O
con O
la O
castrazione, O
sia O
chirurgica O
che O
medica, O
in O
pazienti O
con O
tumore O
alla O
prostata O
di O
stadio O
D2 O
non O
trattato. O

Il B-Premise
beneficio I-Premise
sulla I-Premise
sopravvivenza, I-Premise
rettificato I-Premise
per I-Premise
i I-Premise
fattori I-Premise
prognostici I-Premise
in I-Premise
un' I-Premise
analisi I-Premise
multivariata, I-Premise
è I-Premise
rimasto I-Premise
significativo I-Premise
(p=0,001). I-Premise

Per O
l' O
analisi O
della O
progressione, O
erano O
disponibili O
i O
dati O
di O
173 O
pazienti. O

I O
pazienti O
hanno O
completato O
misure O
che O
valutano O
il O
dolore, O
il O
disagio O
psicologico, O
la O
qualità O
della O
vita O
(QOL) O
e O
l' O
auto-efficacia O
per O
la O
gestione O
dei O
sintomi O
"; O
" O
i O
caregiver O
hanno O
completato O
misure O
che O
valutano O
il O
disagio O
psicologico, O
lo O
sforzo O
del O
caregiver O
e O
l' O
auto-efficacia O
per O
aiutare O
il O
paziente O
a O
gestire O
i O
sintomi. O

Sono O
stati O
arruolati O
in O
questo O
studio O
randomizzato O
controllato O
con O
placebo O
pazienti O
con O
dolore O
legato O
alla O
metastasi O
ossea O
con O
punteggio O
numerico O
≥ O
4. O

I O
dati O
si O
basano O
sull' O
analisi O
di O
uno O
studio O
prospettivo O
randomizzato O
e O
controllato O
" O
The O
Body O
Cancer O
Trial O
". O

Questi B-Premise
cambiamenti I-Premise
erano I-Premise
simili I-Premise
in I-Premise
entrambi I-Premise
i I-Premise
gruppi, I-Premise
indicando I-Premise
che I-Premise
l' I-Premise
agopuntura I-Premise
era I-Premise
efficace I-Premise
quanto I-Premise
la I-Premise
venlafaxina. I-Premise

Il O
ciclo O
di O
trattamento O
era O
una O
volta O
ogni O
tre O
settimane. O

Il B-Premise
rapporto I-Premise
di I-Premise
rischio I-Premise
PFS I-Premise
valutato I-Premise
dal I-Premise
Comitato I-Premise
di I-Premise
revisione I-Premise
indipendente I-Premise
è I-Premise
stato I-Premise
di I-Premise
0,72 I-Premise
(95% I-Premise
CI, I-Premise
da I-Premise
0,54 I-Premise
a I-Premise
0,94 I-Premise
"; I-Premise
" I-Premise
P I-Premise
=.0162 I-Premise
"; I-Premise
" I-Premise
PFS I-Premise
mediana, I-Premise
rispettivamente I-Premise
13,9 I-Premise
e I-Premise
16,8 I-Premise
mesi I-Premise
"; I-Premise
" I-Premise
eventi I-Premise
PFS I-Premise
nel I-Premise
53% I-Premise
"). I-Premise

I B-Premise
pazienti I-Premise
assegnati I-Premise
a I-Premise
oxaliplatino I-Premise
più I-Premise
LV5FU2 I-Premise
hanno I-Premise
avuto I-Premise
una I-Premise
sopravvivenza I-Premise
senza I-Premise
progressione I-Premise
significativamente I-Premise
più I-Premise
lunga I-Premise
(mediana, I-Premise
9,0 I-Premise
v I-Premise
6,2 I-Premise
mesi); I-Premise
" I-Premise
P I-Premise
= I-Premise
0, I-Premise
0003) I-Premise
e I-Premise
un I-Premise
tasso I-Premise
di I-Premise
risposta I-Premise
migliore I-Premise
(50, I-Premise
7% I-Premise
v I-Premise
22, I-Premise
3%); I-Premise
" I-Premise
P I-Premise
= I-Premise
0, I-Premise
0001) I-Premise
rispetto I-Premise
al I-Premise
braccio I-Premise
di I-Premise
controllo. I-Premise

L' O
ottanta O
per O
cento O
dei O
pazienti O
aveva O
NSCLC O
in O
stadio O
IV, O
con O
istologie O
a O
cellule O
squamose O
(n=21), O
adenocarcinoma O
(n=12), O
e O
indifferenziate O
(n=7). O

Nella O
regione O
Asia-Pacifico O
e O
altrove, O
quasi O
l'85% O
dei O
pazienti O
con O
carcinoma O
epatocellulare O
(HCC) O
sono O
inoperabili O
al O
momento O
della O
diagnosi O
e O
hanno O
una O
pessima O
prognosi. O

Tre B-Premise
anni I-Premise
dopo I-Premise
la I-Premise
radioterapia, I-Premise
l' I-Premise
incontinenza I-Premise
urinaria I-Premise
è I-Premise
stata I-Premise
riportata I-Premise
dal I-Premise
35% I-Premise
dei I-Premise
pazienti, I-Premise
ma I-Premise
solo I-Premise
il I-Premise
6% I-Premise
ha I-Premise
richiesto I-Premise
l' I-Premise
uso I-Premise
di I-Premise
un I-Premise
tampone I-Premise
o I-Premise
altro I-Premise
dispositivo I-Premise
protettivo. I-Premise

Sebbene B-Claim
l' I-Claim
aggiunta I-Claim
della I-Claim
radioterapia I-Claim
al I-Claim
trattamento I-Claim
endocrino I-Claim
abbia I-Claim
aumentato I-Claim
significativamente I-Claim
alcuni I-Claim
sintomi I-Claim
correlati I-Claim
al I-Claim
trattamento, I-Claim
nessuno I-Claim
era I-Claim
grave. I-Claim

La B-Premise
qualità I-Premise
della I-Premise
vita I-Premise
(QOL) I-Premise
è I-Premise
diminuita I-Premise
significativamente I-Premise
nel I-Premise
corso I-Premise
dei I-Premise
sei I-Premise
mesi. I-Premise

I B-Premise
pazienti I-Premise
nel I-Premise
braccio I-Premise
PCDE I-Premise
hanno I-Premise
avuto I-Premise
una I-Premise
frequenza I-Premise
statisticamente I-Premise
significativa I-Premise
più I-Premise
elevata I-Premise
di I-Premise
risposte I-Premise
complete I-Premise
e I-Premise
parziali I-Premise
combinate I-Premise
rispetto I-Premise
a I-Premise
quelli I-Premise
nel I-Premise
braccio I-Premise
EP I-Premise
(rispettivamente I-Premise
21% I-Premise
+ I-Premise
55% I-Premise
contro I-Premise
13% I-Premise
+ I-Premise
48% I-Premise
";" I-Premise
P I-Premise
= I-Premise
0,02 I-Premise
per I-Premise
la I-Premise
differenza I-Premise
nelle I-Premise
risposte I-Premise
obiettive I-Premise
combinate). I-Premise

I B-Premise
punteggi I-Premise
della I-Premise
sotto-scala I-Premise
del I-Premise
cancro I-Premise
al I-Premise
seno I-Premise
nei I-Premise
pazienti I-Premise
del I-Premise
gruppo I-Premise
A I-Premise
erano I-Premise
significativamente I-Premise
superiori I-Premise
a I-Premise
quelli I-Premise
dei I-Premise
pazienti I-Premise
del I-Premise
gruppo I-Premise
C I-Premise
(p=0,021). I-Premise

Le B-Premise
analisi I-Premise
di I-Premise
sensibilità I-Premise
hanno I-Premise
mostrato I-Premise
che I-Premise
la I-Premise
variazione I-Premise
del I-Premise
costo I-Premise
medio I-Premise
ospedaliero I-Premise
giornaliero I-Premise
dal I-Premise
5 I-Premise
° I-Premise
al I-Premise
95 I-Premise
° I-Premise
percentile I-Premise
ha I-Premise
portato I-Premise
a I-Premise
rapporti I-Premise
costi-utilità I-Premise
che I-Premise
vanno I-Premise
da I-Premise
20.326 I-Premise
dollari I-Premise
a I-Premise
6360 I-Premise
dollari. I-Premise

Il B-Claim
docetaxel I-Claim
ha I-Claim
mostrato I-Claim
attività I-Claim
in I-Claim
pazienti I-Claim
anziani I-Claim
con I-Claim
carcinoma I-Claim
polmonare I-Claim
non I-Claim
a I-Claim
piccole I-Claim
cellule I-Claim
avanzato I-Claim
(NSCLC). I-Claim

La B-Premise
remissione I-Premise
completa I-Premise
è I-Premise
stata I-Premise
raggiunta I-Premise
nel I-Premise
91% I-Premise
(170/186%) I-Premise
di I-Premise
tutti I-Premise
i I-Premise
pazienti. I-Premise

Questo B-Claim
studio I-Claim
di I-Claim
ricerca I-Claim
indica I-Claim
che I-Claim
la I-Claim
musicoterapia I-Claim
dal I-Claim
vivo I-Claim
utilizzando I-Claim
la I-Claim
musica I-Claim
preferita I-Claim
dal I-Claim
paziente I-Claim
può I-Claim
essere I-Claim
utile I-Claim
per I-Claim
migliorare I-Claim
gli I-Claim
indicatori I-Claim
di I-Claim
qualità I-Claim
della I-Claim
vita I-Claim
come I-Claim
l' I-Claim
ansia, I-Claim
la I-Claim
percezione I-Claim
dell' I-Claim
ospedalizzazione I-Claim
o I-Claim
della I-Claim
procedura, I-Claim
il I-Claim
rilassamento I-Claim
e I-Claim
lo I-Claim
stress I-Claim
nei I-Claim
pazienti I-Claim
sottoposti I-Claim
a I-Claim
procedure I-Claim
chirurgiche I-Claim
al I-Claim
cervello. I-Claim

Questi B-Premise
effetti I-Premise
sono I-Premise
rimasti I-Premise
quando I-Premise
sono I-Premise
stati I-Premise
controllati I-Premise
statisticamente I-Premise
per I-Premise
i I-Premise
livelli I-Premise
basali I-Premise
di I-Premise
sofferenza, I-Premise
immunità I-Premise
e I-Premise
salute, I-Premise
così I-Premise
come I-Premise
le I-Premise
variabili I-Premise
sociodemografiche, I-Premise
malattie I-Premise
e I-Premise
trattamento I-Premise
del I-Premise
cancro. I-Premise

Non B-Premise
è I-Premise
stata I-Premise
documentata I-Premise
alcuna I-Premise
differenza I-Premise
statisticamente I-Premise
significativa I-Premise
nelle I-Premise
curve I-Premise
del I-Premise
tempo I-Premise
di I-Premise
progressione I-Premise
(TTP) I-Premise
in I-Premise
base I-Premise
all' I-Premise
allocazione I-Premise
del I-Premise
trattamento I-Premise
(P I-Premise
=.411). I-Premise

La B-Premise
diarrea I-Premise
era I-Premise
piu'comune I-Premise
nel I-Premise
braccio I-Premise
orale. I-Premise

Prima B-Premise
della I-Premise
radioterapia, I-Premise
l'84% I-Premise
dei I-Premise
pazienti I-Premise
ha I-Premise
riportato I-Premise
erezioni I-Premise
sufficienti I-Premise
per I-Premise
i I-Premise
rapporti I-Premise
sessuali I-Premise
almeno I-Premise
un I-Premise
paio I-Premise
di I-Premise
volte I-Premise
durante I-Premise
l' I-Premise
anno I-Premise
precedente. I-Premise

L' B-Claim
aggiunta I-Claim
di I-Claim
E I-Claim
alla I-Claim
G I-Claim
non I-Claim
ha I-Claim
aumentato I-Claim
la I-Claim
tossicità I-Claim
ematologica. I-Claim

Questa B-Premise
differenza, I-Premise
tuttavia, I-Premise
non I-Premise
è I-Premise
stata I-Premise
osservata I-Premise
quando I-Premise
la I-Premise
qualità I-Premise
globale I-Premise
della I-Premise
vita I-Premise
è I-Premise
stata I-Premise
valutata I-Premise
con I-Premise
i I-Premise
questionari I-Premise
compilati I-Premise
dai I-Premise
pazienti I-Premise
dell' I-Premise
EORTC. I-Premise

Non B-Premise
c' I-Premise
è I-Premise
stata I-Premise
alcuna I-Premise
differenza I-Premise
nel I-Premise
recupero I-Premise
dell' I-Premise
assunzione I-Premise
di I-Premise
cibo I-Premise
tra I-Premise
i I-Premise
gruppi. I-Premise

L' B-Premise
intervento I-Premise
chirurgico I-Premise
è I-Premise
stato I-Premise
associato I-Premise
ad I-Premise
un I-Premise
peggioramento I-Premise
del I-Premise
funzionamento I-Premise
fisico I-Premise
e I-Premise
dei I-Premise
sintomi I-Premise
di I-Premise
affaticamento I-Premise
fino I-Premise
a I-Premise
6 I-Premise
mesi I-Premise
dopo I-Premise
il I-Premise
trattamento I-Premise
(P I-Premise
< I-Premise
0,001 I-Premise
e I-Premise
P I-Premise
= I-Premise
0,021, I-Premise
rispettivamente) I-Premise
e I-Premise
queste I-Premise
scale I-Premise
sono I-Premise
migliorate I-Premise
a I-Premise
2 I-Premise
anni. I-Premise

Ventiquattro B-Premise
dei I-Premise
26 I-Premise
pazienti I-Premise
con I-Premise
progressione I-Premise
documentata I-Premise
nel I-Premise
braccio I-Premise
INT I-Premise
hanno I-Premise
risposto I-Premise
alla I-Premise
reintroduzione I-Premise
di I-Premise
imatinib. I-Premise

Due B-Premise
morti I-Premise
legate I-Premise
alla I-Premise
tossicità I-Premise
sono I-Premise
state I-Premise
osservate I-Premise
nel I-Premise
braccio I-Premise
Tomudex. I-Premise

I B-Premise
rapporti I-Premise
di I-Premise
rischio I-Premise
di I-Premise
morte I-Premise
sperimentale-PC I-Premise
sono I-Premise
stati I-Premise
1,15 I-Premise
(IC I-Premise
95%, I-Premise
da I-Premise
0,79 I-Premise
a I-Premise
1,67 I-Premise
) I-Premise
per I-Premise
il I-Premise
VC, I-Premise
1,32 I-Premise
(IC I-Premise
95%, I-Premise
da I-Premise
0,91 I-Premise
a I-Premise
1,92 I-Premise
) I-Premise
per I-Premise
il I-Premise
GC I-Premise
e I-Premise
1,26 I-Premise
(IC I-Premise
95%, I-Premise
da I-Premise
0,86 I-Premise
a I-Premise
1,82 I-Premise
) I-Premise
per I-Premise
il I-Premise
TC. I-Premise

I B-Premise
tassi I-Premise
di I-Premise
risposta I-Premise
sono I-Premise
stati I-Premise
del I-Premise
55% I-Premise
con I-Premise
gefitinib I-Premise
e I-Premise
del I-Premise
46% I-Premise
con I-Premise
GP I-Premise
(P I-Premise
= I-Premise
0,101). I-Premise

Sebbene B-Claim
il I-Claim
TMZ I-Claim
(entrambi I-Claim
i I-Claim
bracci I-Claim
combinati) I-Claim
non I-Claim
abbia I-Claim
mostrato I-Claim
un I-Claim
chiaro I-Claim
vantaggio I-Claim
rispetto I-Claim
al I-Claim
PCV, I-Claim
il I-Claim
confronto I-Claim
dei I-Claim
programmi I-Claim
TMZ I-Claim
ha I-Claim
dimostrato I-Claim
che I-Claim
il I-Claim
programma I-Claim
di I-Claim
21 I-Claim
giorni I-Claim
era I-Claim
inferiore I-Claim
al I-Claim
programma I-Claim
di I-Claim
5 I-Claim
giorni I-Claim
in I-Claim
questa I-Claim
impostazione. I-Claim

Sono B-Claim
stati I-Claim
osservati I-Claim
miglioramenti I-Claim
nei I-Claim
punteggi I-Claim
dei I-Claim
sintomi I-Claim
durante I-Claim
il I-Claim
periodo I-Claim
di I-Claim
studio. I-Claim

Tutti B-Premise
i I-Premise
tumori I-Premise
dell' I-Premise
endometrio I-Premise
nel I-Premise
gruppo I-Premise
tamoxifene I-Premise
erano I-Premise
in I-Premise
stadio I-Premise
I I-Premise
(malattia I-Premise
localizzata) I-Premise
"; I-Premise
" I-Premise
non I-Premise
si I-Premise
sono I-Premise
verificati I-Premise
decessi I-Premise
per I-Premise
tumore I-Premise
dell' I-Premise
endometrio I-Premise
in I-Premise
questo I-Premise
gruppo. I-Premise

La B-Claim
dermatite I-Claim
e'un I-Claim
effetto I-Claim
collaterale I-Claim
frequente I-Claim
della I-Claim
radioterapia I-Claim
adjuvante I-Claim
al I-Claim
seno. I-Claim

I B-Premise
tassi I-Premise
di I-Premise
ictus, I-Premise
embolia I-Premise
polmonare I-Premise
e I-Premise
trombosi I-Premise
venosa I-Premise
profonda I-Premise
erano I-Premise
elevati I-Premise
nel I-Premise
gruppo I-Premise
trattato I-Premise
con I-Premise
tamoxifene; I-Premise
questi I-Premise
eventi I-Premise
si I-Premise
sono I-Premise
verificati I-Premise
più I-Premise
frequentemente I-Premise
nelle I-Premise
donne I-Premise
di I-Premise
50 I-Premise
anni I-Premise
o I-Premise
più. I-Premise

Sono B-Claim
necessari I-Claim
ulteriori I-Claim
studi I-Claim
sul I-Claim
DPPE. I-Claim

Non B-Premise
sono I-Premise
state I-Premise
osservate I-Premise
differenze I-Premise
rilevanti I-Premise
negli I-Premise
effetti I-Premise
avversi I-Premise
tra I-Premise
i I-Premise
gruppi I-Premise
durante I-Premise
la I-Premise
fase I-Premise
di I-Premise
titolazione I-Premise
e I-Premise
il I-Premise
trattamento I-Premise
cronico. I-Premise

A B-Premise
3 I-Premise
mesi, I-Premise
G1 I-Premise
ha I-Premise
mantenuto I-Premise
l' I-Premise
assunzione I-Premise
nutrizionale I-Premise
e I-Premise
G2/G3 I-Premise
è I-Premise
tornato I-Premise
al I-Premise
basale. I-Premise

Due B-Claim
mesi I-Claim
dopo I-Claim
l' I-Claim
inizio I-Claim
del I-Claim
trattamento I-Claim
non I-Claim
c' I-Claim
erano I-Claim
differenze I-Claim
significative I-Claim
nella I-Claim
qualità I-Claim
della I-Claim
vita I-Claim
tra I-Claim
le I-Claim
braccia. I-Claim

Le B-Premise
frequenze I-Premise
delle I-Premise
tossicità I-Premise
ematologiche I-Premise
e I-Premise
non I-Premise
ematologiche I-Premise
erano I-Premise
essenzialmente I-Premise
simili. I-Premise

In B-Claim
sintesi, I-Claim
questo I-Claim
intervento I-Claim
di I-Claim
sei I-Claim
settimane I-Claim
di I-Claim
esercizio I-Claim
multimodale I-Claim
supervisionato I-Claim
puo'portare I-Claim
ad I-Claim
una I-Claim
significativa I-Claim
riduzione I-Claim
della I-Claim
CRF I-Claim
auto-riportata I-Claim
in I-Claim
pazienti I-Claim
oncologici I-Claim
sottoposti I-Claim
a I-Claim
chemioterapia. I-Claim

Non B-Premise
sono I-Premise
state I-Premise
osservate I-Premise
differenze I-Premise
significative I-Premise
nei I-Premise
tassi I-Premise
di I-Premise
tossicità I-Premise
acuta I-Premise
tra I-Premise
i I-Premise
due I-Premise
bracci I-Premise
durante I-Premise
la I-Premise
terapia I-Premise
CRT. I-Premise

L' B-Premise
indice I-Premise
di I-Premise
escalation I-Premise
degli I-Premise
oppioidi I-Premise
era I-Premise
significativamente I-Premise
più I-Premise
basso I-Premise
nei I-Premise
pazienti I-Premise
trattati I-Premise
con I-Premise
metadone I-Premise
(p I-Premise
< I-Premise
0,0001), I-Premise
sebbene I-Premise
richiedesse I-Premise
variazioni I-Premise
di I-Premise
dose I-Premise
verso I-Premise
l' I-Premise
alto I-Premise
e I-Premise
verso I-Premise
il I-Premise
basso. I-Premise

L' B-Premise
incidenza I-Premise
e I-Premise
il I-Premise
tipo I-Premise
di I-Premise
eventi I-Premise
avversi I-Premise
sono I-Premise
stati I-Premise
coerenti I-Premise
tra I-Premise
i I-Premise
periodi I-Premise
in I-Premise
doppio I-Premise
cieco I-Premise
e I-Premise
quelli I-Premise
cumulativi I-Premise
(doppio I-Premise
cieco I-Premise
più I-Premise
prolungamento I-Premise
a I-Premise
lungo I-Premise
termine). I-Premise

Sulla B-Claim
base I-Claim
della I-Claim
nostra I-Claim
sperimentazione I-Claim
e I-Claim
della I-Claim
meta-analisi, I-Claim
la I-Claim
GEM-CAP I-Claim
dovrebbe I-Claim
essere I-Claim
considerata I-Claim
come I-Claim
una I-Claim
delle I-Claim
opzioni I-Claim
standard I-Claim
di I-Claim
prima I-Claim
linea I-Claim
nel I-Claim
cancro I-Claim
al I-Claim
pancreas I-Claim
localmente I-Claim
avanzato I-Claim
e I-Claim
metastatico. I-Claim

Il B-Claim
ruolo I-Claim
delle I-Claim
combinazioni I-Claim
di I-Claim
tre I-Claim
farmaci I-Claim
rimane I-Claim
discutibile I-Claim
in I-Claim
questo I-Claim
sottoinsieme I-Claim
di I-Claim
pazienti. I-Claim

Nessuna B-Premise
tossicità I-Premise
acuta I-Premise
da I-Premise
radiazioni I-Premise
di I-Premise
grado I-Premise
4 I-Premise
sviluppata. I-Premise

Indipendentemente B-Premise
dal I-Premise
braccio I-Premise
di I-Premise
trattamento, I-Premise
i I-Premise
partecipanti I-Premise
hanno I-Premise
riportato I-Premise
alti I-Premise
livelli I-Premise
di I-Premise
QOL I-Premise
con I-Premise
poche I-Premise
eccezioni. I-Premise

L' B-Claim
aggiunta I-Claim
sequenziale I-Claim
di I-Claim
topotecan I-Claim
a I-Claim
carboplatino-paclitaxel I-Claim
non I-Claim
ha I-Claim
determinato I-Claim
una I-Claim
risposta I-Claim
globale I-Claim
superiore I-Claim
o I-Claim
una I-Claim
sopravvivenza I-Claim
globale I-Claim
o I-Claim
libera I-Claim
da I-Claim
progressione. I-Claim

L' B-Premise
MSBR I-Premise
ha I-Premise
migliorato I-Premise
l' I-Premise
umore, I-Premise
la I-Premise
qualità I-Premise
della I-Premise
vita I-Premise
correlata I-Premise
al I-Premise
seno I-Premise
e I-Premise
all' I-Premise
endocrino I-Premise
e I-Premise
il I-Premise
benessere I-Premise
in I-Premise
modo I-Premise
più I-Premise
efficace I-Premise
rispetto I-Premise
alle I-Premise
cure I-Premise
standard I-Premise
nelle I-Premise
donne I-Premise
con I-Premise
carcinoma I-Premise
mammario I-Premise
allo I-Premise
stadio I-Premise
da I-Premise
0 I-Premise
a I-Premise
III, I-Premise
e I-Premise
questi I-Premise
risultati I-Premise
sono I-Premise
persistenti I-Premise
a I-Premise
tre I-Premise
mesi. I-Premise

Le B-Claim
analisi I-Claim
esplorative I-Claim
indicano I-Claim
che I-Claim
lo I-Claim
stato I-Claim
del I-Claim
recettore I-Claim
del I-Claim
fattore I-Claim
di I-Claim
crescita I-Claim
epidermico I-Claim
può I-Claim
essere I-Claim
un I-Claim
importante I-Claim
predittore I-Claim
dell' I-Claim
effetto I-Claim
di I-Claim
sopravvivenza I-Claim
di I-Claim
erlotinib. I-Claim

DPPE B-Premise
piu'DOX I-Premise
era I-Premise
associato I-Premise
ad I-Premise
una I-Premise
maggiore I-Premise
tossicita'gastrointestinale I-Premise
e I-Premise
del I-Premise
sistema I-Premise
nervoso I-Premise
centrale. I-Premise

Una B-Premise
media I-Premise
di I-Premise
10,6 I-Premise
unità I-Premise
di I-Premise
PRBC I-Premise
nel I-Premise
corso I-Premise
di I-Premise
5 I-Premise
mesi I-Premise
è I-Premise
stata I-Premise
somministrata I-Premise
a I-Premise
coloro I-Premise
che I-Premise
hanno I-Premise
ricevuto I-Premise
epoetina I-Premise
alfa I-Premise
rispetto I-Premise
a I-Premise
13 I-Premise
unità I-Premise
per I-Premise
coloro I-Premise
che I-Premise
non I-Premise
hanno I-Premise
ricevuto I-Premise
epoetina I-Premise
(P I-Premise
= I-Premise
0,04). I-Premise

Non B-Claim
è I-Claim
stata I-Claim
osservata I-Claim
alcuna I-Claim
differenza I-Claim
nel I-Claim
QOL. I-Claim

I B-Claim
vantaggi I-Claim
di I-Claim
un I-Claim
miglioramento I-Claim
duraturo I-Claim
dell' I-Claim
immagine I-Claim
corporea I-Claim
e I-Claim
della I-Claim
cosmesi I-Claim
per I-Claim
questa I-Claim
popolazione I-Claim
di I-Claim
pazienti I-Claim
relativamente I-Claim
giovane I-Claim
possono I-Claim
compensare I-Claim
i I-Claim
tempi I-Claim
operativi I-Claim
più I-Claim
lunghi I-Claim
e I-Claim
i I-Claim
costi I-Claim
più I-Claim
elevati, I-Claim
in I-Claim
particolare I-Claim
per I-Claim
le I-Claim
donne. I-Claim

Il B-Claim
vantaggio I-Claim
di I-Claim
sopravvivenza I-Claim
precedentemente I-Claim
riportato I-Claim
che I-Claim
supporta I-Claim
l' I-Claim
uso I-Claim
di I-Claim
chemioterapia I-Claim
adiuvante I-Claim
viene I-Claim
mantenuto I-Claim
quando I-Claim
viene I-Claim
aggiustato I-Claim
utilizzando I-Claim
la I-Claim
metodologia I-Claim
di I-Claim
sopravvivenza I-Claim
adeguata I-Claim
alla I-Claim
qualità. I-Claim

Dopo B-Claim
la I-Claim
resezione I-Claim
curativa I-Claim
per I-Claim
il I-Claim
cancro I-Claim
rettale, I-Claim
era I-Claim
necessario I-Claim
un I-Claim
trattamento I-Claim
chemioradiante I-Claim
postoperatorio I-Claim
adiuvante I-Claim
per I-Claim
ridurre I-Claim
la I-Claim
recidiva I-Claim
e I-Claim
migliorare I-Claim
il I-Claim
tasso I-Claim
di I-Claim
sopravvivenza. I-Claim

L' B-Claim
uso I-Claim
di I-Claim
valutazioni I-Claim
a I-Claim
domicilio I-Claim
da I-Claim
parte I-Claim
di I-Claim
un I-Claim
infermiere I-Claim
ricercatore I-Claim
si I-Claim
è I-Claim
rivelato I-Claim
un I-Claim
modo I-Claim
efficace I-Claim
per I-Claim
ottenere I-Claim
dati I-Claim
di I-Claim
alta I-Claim
qualità. I-Claim

I B-Claim
tassi I-Claim
di I-Claim
sopravvivenza I-Claim
a I-Claim
3 I-Claim
e I-Claim
5 I-Claim
anni I-Claim
della I-Claim
terapia I-Claim
non I-Claim
chirurgica I-Claim
erano I-Claim
paragonabili I-Claim
a I-Claim
quelli I-Claim
degli I-Claim
studi I-Claim
chirurgici I-Claim
pubblicati I-Claim
sulla I-Claim
malattia I-Claim
N2. I-Claim

Sono B-Claim
necessarie I-Claim
ricerche I-Claim
per I-Claim
valutare I-Claim
i I-Claim
rischi I-Claim
e I-Claim
i I-Claim
benefici I-Claim
a I-Claim
lungo I-Claim
termine I-Claim
dell' I-Claim
inizio I-Claim
della I-Claim
terapia I-Claim
ormonale I-Claim
sostitutiva I-Claim
vicino I-Claim
alla I-Claim
menopausa, I-Claim
quando I-Claim
l' I-Claim
effetto I-Claim
può I-Claim
essere I-Claim
diverso. I-Claim

Nei B-Claim
pazienti I-Claim
affetti I-Claim
da I-Claim
cancro, I-Claim
una I-Claim
dieta I-Claim
ricca I-Claim
di I-Claim
grassi I-Claim
potrebbe I-Claim
sostenere I-Claim
il I-Claim
mantenimento I-Claim
del I-Claim
peso I-Claim
corporeo I-Claim
e I-Claim
della I-Claim
massa I-Claim
cellulare. I-Claim

Sono B-Claim
necessari I-Claim
interventi I-Claim
sicuri I-Claim
ed I-Claim
efficaci I-Claim
per I-Claim
alleviare I-Claim
la I-Claim
disfunzione I-Claim
sessuale. I-Claim

Dosi B-Claim
all'IUS I-Claim
e I-Claim
all'EUS I-Claim
sulla I-Claim
risonanza I-Claim
magnetica I-Claim
/ I-Claim
TC I-Claim
hanno I-Claim
predetto I-Claim
peggioramento I-Claim
della I-Claim
funzione I-Claim
urinaria, I-Claim
con I-Claim
maggiori I-Claim
disturbi, I-Claim
sintomi I-Claim
irritanti I-Claim
e I-Claim
urgenza. I-Claim

I B-Claim
risultati I-Claim
preliminari I-Claim
suggeriscono I-Claim
un I-Claim
impatto I-Claim
positivo I-Claim
sulla I-Claim
sopravvivenza. I-Claim

Il B-Claim
tasso I-Claim
di I-Claim
perdite I-Claim
era I-Claim
più I-Claim
basso I-Claim
e I-Claim
la I-Claim
qualità I-Claim
della I-Claim
vita I-Claim
era I-Claim
migliore. I-Claim

L' B-Claim
allenamento I-Claim
cardiorespiratorio I-Claim
e I-Claim
di I-Claim
resistenza I-Claim
combinato, I-Claim
anche I-Claim
di I-Claim
breve I-Claim
durata, I-Claim
migliora I-Claim
la I-Claim
qualità I-Claim
della I-Claim
vita I-Claim
e I-Claim
la I-Claim
forma I-Claim
fisica I-Claim
complessiva I-Claim
delle I-Claim
donne I-Claim
sopravvissute I-Claim
al I-Claim
cancro I-Claim
al I-Claim
seno. I-Claim

L' B-Claim
aggiunta I-Claim
di I-Claim
RT I-Claim
non I-Claim
ha I-Claim
avuto I-Claim
un I-Claim
impatto I-Claim
negativo I-Claim
su I-Claim
ED. I-Claim

La B-Claim
radioterapia I-Claim
è I-Claim
stata I-Claim
poi I-Claim
associata I-Claim
ad I-Claim
un I-Claim
aumento I-Claim
dei I-Claim
sintomi I-Claim
del I-Claim
seno I-Claim
e I-Claim
ad I-Claim
una I-Claim
maggiore I-Claim
stanchezza, I-Claim
ma I-Claim
con I-Claim
meno I-Claim
insonnia I-Claim
e I-Claim
effetti I-Claim
collaterali I-Claim
endocrini. I-Claim

Il B-Claim
beneficio I-Claim
soggettivo I-Claim
dopo I-Claim
la I-Claim
somministrazione I-Claim
endovenosa I-Claim
di I-Claim
pamidronato I-Claim
è I-Claim
confermato I-Claim
in I-Claim
questo I-Claim
studio I-Claim
controllato I-Claim
con I-Claim
placebo. I-Claim

In B-Claim
conclusione, I-Claim
il I-Claim
trattamento I-Claim
con I-Claim
carboplatino I-Claim
ed I-Claim
etoposide I-Claim
può I-Claim
migliorare I-Claim
sia I-Claim
la I-Claim
qualità I-Claim
della I-Claim
vita I-Claim
che I-Claim
la I-Claim
sopravvivenza I-Claim
dei I-Claim
pazienti I-Claim
con I-Claim
NSCLC I-Claim
avanzato. I-Claim

La B-Claim
sopravvivenza I-Claim
con I-Claim
DOX I-Claim
e I-Claim
VNB I-Claim
non I-Claim
è I-Claim
superiore I-Claim
a I-Claim
DOX I-Claim
da I-Claim
solo I-Claim
in I-Claim
MBC. I-Claim

Le B-Claim
(y) I-Claim
è I-Claim
un I-Claim
obiettivo I-Claim
interessante I-Claim
in I-Claim
quanto I-Claim
è I-Claim
espresso I-Claim
dalla I-Claim
maggior I-Claim
parte I-Claim
delle I-Claim
NSCLC. I-Claim

La B-Claim
monoterapia I-Claim
con I-Claim
docetaxel I-Claim
può I-Claim
essere I-Claim
considerata I-Claim
come I-Claim
opzione I-Claim
nel I-Claim
trattamento I-Claim
standard I-Claim
di I-Claim
pazienti I-Claim
anziani I-Claim
con I-Claim
NSCLC I-Claim
avanzato. I-Claim

Diverse B-Claim
modalità I-Claim
di I-Claim
trattamento I-Claim
che I-Claim
consistono I-Claim
in I-Claim
MLD I-Claim
e I-Claim
benda I-Claim
compressiva I-Claim
(terapia I-Claim
decongestiva I-Claim
complessa) I-Claim
o I-Claim
IPC I-Claim
e I-Claim
SLD I-Claim
sembrano I-Claim
essere I-Claim
efficaci I-Claim
nel I-Claim
trattamento I-Claim
della I-Claim
LE I-Claim
con I-Claim
efficacia I-Claim
terapeutica I-Claim
simile I-Claim
nei I-Claim
pazienti I-Claim
con I-Claim
cancro I-Claim
al I-Claim
seno. I-Claim

DCb B-Claim
e I-Claim
DC I-Claim
erano I-Claim
superiori I-Claim
a I-Claim
VC I-Claim
in I-Claim
tutti I-Claim
i I-Claim
risultati I-Claim
della I-Claim
qualità I-Claim
della I-Claim
vita I-Claim
valutati I-Claim
ad I-Claim
eccezione I-Claim
della I-Claim
differenza I-Claim
tra I-Claim
DC I-Claim
e I-Claim
VC I-Claim
nella I-Claim
LCSS I-Claim
" I-Claim
QoL I-Claim
oggi I-Claim
", I-Claim
che I-Claim
non I-Claim
era I-Claim
significativa. I-Claim

Tuttavia, B-Claim
le I-Claim
modalità I-Claim
combinate I-Claim
tra I-Claim
cui I-Claim
IPC I-Claim
e I-Claim
SLD I-Claim
possono I-Claim
essere I-Claim
le I-Claim
scelte I-Claim
preferite I-Claim
per I-Claim
la I-Claim
loro I-Claim
applicabilità I-Claim
all' I-Claim
interno. I-Claim

La B-Claim
generalizzabilità I-Claim
della I-Claim
ricerca I-Claim
sull' I-Claim
intervento I-Claim
di I-Claim
cure I-Claim
palliative I-Claim
è I-Claim
spesso I-Claim
limitata I-Claim
dagli I-Claim
alti I-Claim
tassi I-Claim
di I-Claim
attrito I-Claim
degli I-Claim
studi. I-Claim

Tuttavia, B-Claim
non I-Claim
ha I-Claim
fornito I-Claim
alcun I-Claim
miglioramento I-Claim
nella I-Claim
PFS I-Claim
o I-Claim
nell' I-Claim
OS I-Claim
rispetto I-Claim
al I-Claim
dosaggio I-Claim
piatto. I-Claim

L' B-Claim
uso I-Claim
del I-Claim
Pain I-Claim
Education I-Claim
Program I-Claim
da I-Claim
parte I-Claim
degli I-Claim
infermieri I-Claim
dovrebbe I-Claim
essere I-Claim
seriamente I-Claim
preso I-Claim
in I-Claim
considerazione I-Claim
nelle I-Claim
unità I-Claim
oncologiche. I-Claim

